Timestamp,Battery Level (%),Screen On Time (minutes),App Usage (minutes),WiFi Status,Network Status,GPS Status,CPU Usage (%),Device Temperature,Battery Drain Rate (%/hour),Screen Brightness Level (%)
01-01-2024 00:00,61,10,83,Connected,4G,On,5.029402584,29.97425274,4.942396683,75
01-01-2024 01:00,24,104,150,Disconnected,4G,Off,44.18010654,32.50868976,4.08155611,37
01-01-2024 02:00,81,13,127,Disconnected,5G,Off,40.66676659,34.68587565,5.918287249,10
01-01-2024 03:00,70,59,125,Disconnected,4G,Off,33.22980208,32.65855613,1.822179185,11
01-01-2024 04:00,30,29,44,Disconnected,5G,Off,38.76195938,26.79929413,7.809818944,41
01-01-2024 05:00,92,34,51,Disconnected,4G,On,11.84218553,29.68096067,6.241915692,38
01-01-2024 06:00,96,164,79,Connected,4G,Off,25.62456176,37.03594046,2.679310872,70
01-01-2024 07:00,84,4,177,Connected,5G,Off,20.80487243,37.92127069,2.694089798,10
01-01-2024 08:00,84,82,123,Connected,4G,Off,9.219943682,27.05950049,2.658237864,35
01-01-2024 09:00,97,122,118,Disconnected,4G,On,26.87587183,39.28580129,1.513021488,51
01-01-2024 10:00,33,77,7,Connected,5G,On,46.43328427,29.93233927,6.290186044,30
01-01-2024 11:00,12,153,84,Connected,4G,Off,6.802660357,34.93470608,8.563133598,32
01-01-2024 12:00,31,61,128,Connected,5G,On,18.11574111,36.27737719,1.157483926,12
01-01-2024 13:00,62,131,7,Connected,4G,On,14.33934213,37.17919352,1.441041805,17
01-01-2024 14:00,11,88,156,Connected,4G,On,15.71659941,39.18624553,6.15493249,40
01-01-2024 15:00,97,41,95,Disconnected,4G,Off,45.87955483,29.69379322,8.375461168,57
01-01-2024 16:00,39,88,101,Connected,4G,Off,26.06310744,37.87759682,3.940650015,55
01-01-2024 17:00,47,145,4,Disconnected,4G,On,25.98347358,26.97530355,4.146529589,23
01-01-2024 18:00,11,39,85,Disconnected,4G,Off,39.22590391,35.5756136,6.367118477,72
01-01-2024 19:00,73,71,174,Disconnected,4G,Off,11.95214918,36.12966594,3.467916002,30
01-01-2024 20:00,69,38,33,Disconnected,4G,On,26.92694093,35.16584862,1.239475295,54
01-01-2024 21:00,30,103,54,Disconnected,5G,On,24.34933464,28.78472104,7.617056663,9
01-01-2024 22:00,42,13,118,Connected,5G,Off,31.86098107,38.09564721,6.630849216,59
01-01-2024 23:00,85,31,170,Connected,4G,On,49.98009665,27.53287695,6.226803992,1
02-01-2024 00:00,67,178,157,Connected,4G,Off,39.62520023,25.80452187,7.675157161,14
02-01-2024 01:00,31,124,113,Disconnected,5G,Off,22.90395664,35.76197486,7.077077538,2
02-01-2024 02:00,98,165,144,Connected,4G,On,42.23988735,32.13213573,2.852937894,42
02-01-2024 03:00,58,96,25,Connected,4G,Off,12.68187635,37.7364703,4.172329422,30
02-01-2024 04:00,68,22,135,Disconnected,5G,Off,6.370865884,30.75095712,2.134991275,69
02-01-2024 05:00,51,62,46,Disconnected,4G,On,14.20017676,27.52417883,2.168713121,66
02-01-2024 06:00,69,142,112,Disconnected,4G,On,20.31852003,37.54663289,7.085761717,55
02-01-2024 07:00,89,152,75,Disconnected,5G,On,27.97613409,33.23364447,8.727400963,62
02-01-2024 08:00,24,144,71,Connected,4G,Off,32.68081132,27.83793689,9.664593255,74
02-01-2024 09:00,71,52,88,Disconnected,4G,On,45.97725727,35.80575998,6.655124058,14
02-01-2024 10:00,71,103,45,Disconnected,5G,On,27.94343043,32.66670458,2.65691191,91
02-01-2024 11:00,56,103,32,Connected,4G,On,27.55740401,34.06469473,1.950853109,9
02-01-2024 12:00,71,178,0,Connected,5G,On,7.260935442,31.91347507,8.315658744,37
02-01-2024 13:00,60,38,146,Disconnected,4G,Off,6.57101987,37.43063476,6.208808287,46
02-01-2024 14:00,64,178,30,Connected,4G,Off,29.80219829,37.44344074,6.564565189,56
02-01-2024 15:00,73,133,141,Disconnected,5G,On,24.7180376,35.64083233,8.033158799,49
02-01-2024 16:00,12,66,52,Disconnected,5G,Off,42.76311777,26.58102066,7.32949505,70
02-01-2024 17:00,60,134,47,Connected,4G,On,12.23058131,37.58280793,8.510124276,14
02-01-2024 18:00,16,178,68,Connected,5G,On,6.123724795,35.06519471,1.505925149,17
02-01-2024 19:00,30,41,104,Disconnected,5G,Off,25.20674456,35.45536249,7.727685731,81
02-01-2024 20:00,82,14,89,Disconnected,4G,Off,15.68653505,30.44474261,8.657674816,87
02-01-2024 21:00,48,110,62,Disconnected,4G,On,7.2326468,38.18919334,3.575215382,1
02-01-2024 22:00,27,156,72,Connected,4G,On,37.60692291,35.880574,6.764025466,83
02-01-2024 23:00,13,32,160,Disconnected,5G,Off,10.021685,26.688857,3.827458575,97
03-01-2024 00:00,98,154,168,Disconnected,5G,On,32.3743775,31.11667052,9.621739598,42
03-01-2024 01:00,69,163,88,Disconnected,5G,Off,17.64723876,38.29570543,1.300812152,25
03-01-2024 02:00,23,156,175,Disconnected,5G,On,12.80732227,25.70795053,6.218135594,70
03-01-2024 03:00,18,37,12,Disconnected,4G,On,22.08881853,39.42124929,2.498531923,37
03-01-2024 04:00,99,96,72,Connected,5G,Off,41.06505993,35.18743852,7.409981847,93
03-01-2024 05:00,62,154,76,Disconnected,4G,Off,22.64421096,34.47063966,2.583012551,41
03-01-2024 06:00,11,32,158,Disconnected,5G,Off,38.78463421,29.05838885,3.118449357,4
03-01-2024 07:00,93,85,67,Disconnected,4G,Off,10.64688336,28.73187683,5.449337299,10
03-01-2024 08:00,69,65,97,Disconnected,4G,Off,39.77471388,39.13087329,9.23351455,64
03-01-2024 09:00,80,9,124,Connected,4G,Off,15.66199962,29.47408681,2.905429349,33
03-01-2024 10:00,53,4,101,Connected,5G,Off,35.48269084,36.63257945,2.29816019,0
03-01-2024 11:00,17,122,131,Connected,4G,On,30.46016997,30.89682697,7.830791487,82
03-01-2024 12:00,56,73,101,Disconnected,4G,On,46.81151227,27.08881106,5.505575791,1
03-01-2024 13:00,44,96,18,Disconnected,5G,On,22.42951331,25.16072947,9.206066011,84
03-01-2024 14:00,87,117,81,Connected,4G,Off,7.977433498,33.16386006,2.319531014,19
03-01-2024 15:00,90,37,140,Connected,5G,Off,5.86199685,39.63668228,6.813351037,60
03-01-2024 16:00,45,140,22,Connected,5G,Off,42.20863524,30.53704291,3.095912315,86
03-01-2024 17:00,59,158,82,Disconnected,4G,On,28.61310369,30.35788501,2.410843858,20
03-01-2024 18:00,13,46,108,Disconnected,4G,Off,39.88598233,30.16137427,7.150864736,87
03-01-2024 19:00,11,108,74,Connected,5G,Off,15.549152,32.80815756,6.343161579,67
03-01-2024 20:00,15,179,128,Connected,4G,On,20.52876855,31.60997325,7.793447125,11
03-01-2024 21:00,63,14,87,Connected,5G,Off,6.35467425,38.1987194,3.785163188,21
03-01-2024 22:00,13,156,53,Disconnected,5G,On,48.26715461,32.58281188,5.031744907,19
03-01-2024 23:00,63,135,88,Disconnected,5G,On,35.0540558,32.61636757,4.649245087,81
04-01-2024 00:00,72,4,142,Disconnected,4G,Off,46.99422895,27.07557392,9.856805176,0
04-01-2024 01:00,27,156,64,Connected,5G,Off,16.94733833,39.74109311,3.630240611,29
04-01-2024 02:00,99,46,75,Connected,4G,Off,32.51586251,28.74959336,3.653355145,96
04-01-2024 03:00,53,67,142,Disconnected,4G,On,35.53249857,26.10046101,4.190933879,23
04-01-2024 04:00,43,75,148,Connected,4G,On,19.28973651,34.94719373,6.081346732,13
04-01-2024 05:00,83,172,146,Disconnected,4G,On,43.16491558,33.93049555,3.270904698,35
04-01-2024 06:00,71,129,59,Connected,5G,Off,47.62226583,31.22718481,9.237609463,68
04-01-2024 07:00,23,154,92,Connected,4G,Off,44.8184803,31.33288351,3.391170084,74
04-01-2024 08:00,57,94,160,Connected,5G,Off,38.25801392,36.77595882,9.062341584,23
04-01-2024 09:00,24,114,48,Connected,5G,Off,17.48591059,27.9356896,1.931275573,59
04-01-2024 10:00,81,163,34,Disconnected,4G,On,17.67272189,37.30379978,6.909064322,94
04-01-2024 11:00,87,35,171,Connected,5G,On,48.35121442,34.73120671,9.162869666,54
04-01-2024 12:00,96,25,101,Disconnected,5G,On,5.462802317,31.28454661,2.518744946,76
04-01-2024 13:00,71,42,10,Disconnected,4G,On,37.2222488,31.87042925,9.714942641,79
04-01-2024 14:00,49,26,98,Disconnected,5G,Off,36.78107731,28.84970811,5.075950244,23
04-01-2024 15:00,94,68,109,Connected,5G,Off,33.02102934,36.28171499,9.511435976,76
04-01-2024 16:00,89,147,73,Disconnected,5G,Off,49.55489807,32.69312113,7.091380393,23
04-01-2024 17:00,91,10,173,Disconnected,5G,On,19.03457461,29.81281814,3.714281829,53
04-01-2024 18:00,62,73,8,Disconnected,4G,On,20.29873387,33.94075174,2.694722724,25
04-01-2024 19:00,33,103,2,Connected,5G,Off,8.552273133,39.93601678,3.733615416,65
04-01-2024 20:00,35,37,84,Connected,5G,Off,24.92591614,31.52893419,1.837156683,79
04-01-2024 21:00,98,133,25,Disconnected,5G,On,16.74718368,38.81037101,2.294811697,37
04-01-2024 22:00,69,22,71,Connected,5G,Off,20.4524016,30.1752526,1.941943963,64
04-01-2024 23:00,50,46,47,Disconnected,4G,On,42.55573056,25.8209906,4.806491894,74
05-01-2024 00:00,38,89,155,Disconnected,5G,On,47.09680311,28.0636316,8.160205386,50
05-01-2024 01:00,24,45,116,Connected,4G,On,13.35798824,31.28042715,2.272451988,34
05-01-2024 02:00,54,106,153,Disconnected,5G,Off,21.76290192,28.29452393,2.172883899,42
05-01-2024 03:00,74,139,152,Connected,4G,Off,46.7883753,25.00340557,6.790860546,28
05-01-2024 04:00,98,140,11,Connected,4G,On,7.781380731,38.72502307,2.774646838,36
05-01-2024 05:00,80,103,132,Disconnected,4G,Off,9.156223765,37.65819117,1.878490343,80
05-01-2024 06:00,18,110,47,Connected,4G,On,12.32559451,36.13438347,2.501637204,57
05-01-2024 07:00,97,103,36,Connected,4G,On,31.78457754,27.51721893,9.313582563,53
05-01-2024 08:00,10,59,43,Disconnected,5G,On,11.7712522,26.80545364,8.393241275,38
05-01-2024 09:00,17,170,14,Disconnected,5G,On,48.56343717,26.01407124,4.186581061,41
05-01-2024 10:00,97,99,42,Connected,5G,Off,25.10215373,35.86043783,6.902386906,27
05-01-2024 11:00,72,67,175,Connected,4G,On,27.56830822,38.93211941,5.835481063,28
05-01-2024 12:00,20,132,86,Disconnected,5G,On,16.09963771,31.45803731,7.094118371,42
05-01-2024 13:00,90,119,69,Connected,4G,Off,26.19321136,26.78711008,7.144040372,2
05-01-2024 14:00,17,36,45,Connected,4G,On,34.78611347,32.68589231,6.658606136,9
05-01-2024 15:00,44,71,107,Connected,5G,On,38.80297116,30.23247861,3.394912317,58
05-01-2024 16:00,44,126,122,Connected,5G,Off,38.92406372,30.62237387,1.351057787,13
05-01-2024 17:00,42,105,170,Connected,4G,Off,31.00510007,34.31995936,5.100101038,75
05-01-2024 18:00,14,91,20,Connected,4G,Off,45.69618987,35.7807717,9.018764962,46
05-01-2024 19:00,50,30,150,Connected,5G,On,41.78335313,26.65905398,6.125475327,41
05-01-2024 20:00,37,121,106,Disconnected,5G,Off,39.06716516,25.53385346,8.491519375,93
05-01-2024 21:00,16,136,79,Disconnected,5G,Off,7.502248476,39.91495454,9.924619087,31
05-01-2024 22:00,82,50,46,Disconnected,5G,On,5.3095083,28.49092523,2.472545837,31
05-01-2024 23:00,81,28,116,Disconnected,4G,On,14.56012747,25.80745787,7.225998752,41
06-01-2024 00:00,21,39,123,Disconnected,5G,On,34.85856173,27.84812994,7.068642163,31
06-01-2024 01:00,43,40,142,Connected,5G,On,23.503887,25.5843677,9.819599026,25
06-01-2024 02:00,42,10,24,Connected,5G,On,23.10828167,30.87716342,9.870406606,0
06-01-2024 03:00,57,150,35,Connected,4G,Off,44.80640997,37.03602677,7.180107506,55
06-01-2024 04:00,32,0,50,Connected,4G,Off,45.30032817,30.11866675,3.192533128,1
06-01-2024 05:00,71,45,14,Disconnected,4G,Off,45.91288688,31.6627511,8.187002543,80
06-01-2024 06:00,97,100,67,Connected,4G,On,19.12451344,35.1338016,1.963262208,29
06-01-2024 07:00,46,148,20,Connected,5G,On,36.09751157,32.63341105,8.026293738,70
06-01-2024 08:00,53,89,140,Disconnected,4G,On,17.22349316,37.92168529,9.191765117,51
06-01-2024 09:00,95,109,18,Connected,5G,Off,13.57744249,37.99053513,4.445500553,90
06-01-2024 10:00,44,163,33,Connected,5G,Off,13.30846058,25.14866043,6.675717655,8
06-01-2024 11:00,74,56,77,Disconnected,5G,On,20.39484294,36.6706946,4.871284589,21
06-01-2024 12:00,56,0,124,Connected,5G,Off,24.34809289,31.911004,4.939885495,33
06-01-2024 13:00,87,62,116,Connected,4G,On,42.3927127,39.83260812,3.793338002,48
06-01-2024 14:00,12,54,51,Connected,4G,Off,10.39509921,32.24848114,7.859166584,0
06-01-2024 15:00,10,114,26,Connected,4G,Off,38.07166313,39.80343918,9.425589077,72
06-01-2024 16:00,14,167,156,Connected,5G,Off,28.91547114,36.31854042,9.466757733,83
06-01-2024 17:00,99,142,155,Disconnected,5G,On,17.95754042,28.72907327,2.573031564,52
06-01-2024 18:00,23,148,34,Disconnected,5G,Off,27.1768813,33.07592469,8.872692847,82
06-01-2024 19:00,36,174,135,Disconnected,5G,Off,18.49739314,39.88203459,7.636882973,99
06-01-2024 20:00,18,52,143,Disconnected,5G,On,31.82368799,37.86295912,3.275536606,39
06-01-2024 21:00,88,136,105,Disconnected,4G,Off,24.52297653,26.46050341,1.605561516,44
06-01-2024 22:00,24,179,163,Disconnected,5G,On,12.39824881,35.59557995,3.411975402,67
06-01-2024 23:00,99,56,157,Connected,4G,On,10.24623836,30.18369379,9.209874131,8
07-01-2024 00:00,51,116,145,Disconnected,5G,On,29.60130569,25.10473393,6.698608074,21
07-01-2024 01:00,86,153,1,Disconnected,5G,On,45.6085865,31.05221454,7.489491948,17
07-01-2024 02:00,60,168,176,Connected,4G,On,20.4780959,28.52131633,3.31437116,75
07-01-2024 03:00,72,34,76,Connected,4G,Off,37.98500483,37.28303906,7.4744934,42
07-01-2024 04:00,61,62,131,Disconnected,5G,On,34.63976097,30.05995913,1.253093557,38
07-01-2024 05:00,13,24,89,Connected,5G,On,46.91997114,37.41285541,4.377892112,72
07-01-2024 06:00,32,89,88,Disconnected,5G,On,41.94414578,25.00896908,6.640780137,5
07-01-2024 07:00,24,74,93,Connected,5G,On,30.49723665,29.61728725,2.31486909,82
07-01-2024 08:00,52,37,6,Disconnected,4G,Off,34.56637242,28.61747821,8.40703217,47
07-01-2024 09:00,38,129,94,Connected,5G,On,45.427391,28.50351042,3.115281689,6
07-01-2024 10:00,45,134,107,Connected,4G,Off,22.97834531,26.0227993,6.870530015,79
07-01-2024 11:00,22,161,73,Disconnected,5G,On,19.70576176,27.80686406,4.646774283,68
07-01-2024 12:00,41,90,38,Disconnected,4G,Off,5.486498764,33.33324355,6.364392359,15
07-01-2024 13:00,80,16,140,Disconnected,4G,On,42.19479834,29.37041609,1.967054974,0
07-01-2024 14:00,68,127,158,Disconnected,5G,On,41.04413152,31.26092173,1.152215199,36
07-01-2024 15:00,95,170,70,Disconnected,4G,Off,9.700453315,30.65300321,9.186079846,82
07-01-2024 16:00,37,107,55,Connected,5G,On,30.95858215,38.13857387,3.426670079,36
07-01-2024 17:00,75,178,169,Disconnected,4G,Off,25.87917642,38.57948499,8.377093025,80
07-01-2024 18:00,51,151,41,Disconnected,5G,On,10.3419093,32.39435457,9.994152704,63
07-01-2024 19:00,54,24,35,Connected,4G,Off,49.12557022,29.95233925,2.902881322,89
07-01-2024 20:00,71,179,83,Connected,5G,On,14.66131494,26.60201056,3.386536671,85
07-01-2024 21:00,66,87,117,Disconnected,5G,On,8.025538104,39.30104319,6.965738089,61
07-01-2024 22:00,15,160,6,Connected,4G,Off,31.76813208,25.90340417,9.689037711,71
07-01-2024 23:00,37,176,53,Connected,4G,On,38.24900047,29.46475416,9.242329134,60
08-01-2024 00:00,37,28,128,Disconnected,4G,On,6.459955072,29.47099302,5.525879681,32
08-01-2024 01:00,53,62,171,Connected,4G,On,34.64229374,29.80601929,8.155992543,65
08-01-2024 02:00,93,149,119,Connected,5G,On,28.95313442,27.46430265,2.221712678,29
08-01-2024 03:00,39,153,172,Disconnected,4G,On,9.646925399,36.74742146,9.796943658,19
08-01-2024 04:00,71,155,105,Disconnected,5G,On,12.76357446,26.83746793,9.679179106,59
08-01-2024 05:00,84,113,46,Connected,4G,Off,30.55884338,34.52359989,2.473560621,81
08-01-2024 06:00,98,48,122,Connected,5G,Off,18.33609261,26.8576904,3.694808123,73
08-01-2024 07:00,71,80,140,Disconnected,5G,Off,47.22420779,26.05803456,1.901394978,23
08-01-2024 08:00,10,83,118,Connected,5G,On,41.84331033,38.64144256,3.44545839,3
08-01-2024 09:00,36,104,149,Connected,5G,Off,49.26052429,27.85193149,8.343602105,36
08-01-2024 10:00,71,176,117,Connected,4G,On,16.68518775,37.31875232,4.404840464,3
08-01-2024 11:00,86,147,20,Disconnected,4G,On,48.63756348,33.16946307,1.795572704,76
08-01-2024 12:00,12,117,136,Connected,5G,On,24.40552414,26.16784779,4.080029723,88
08-01-2024 13:00,79,85,25,Connected,4G,On,20.63834579,39.33172287,9.832450008,76
08-01-2024 14:00,81,62,8,Disconnected,4G,Off,7.265728714,28.7044175,6.667152357,17
08-01-2024 15:00,36,103,14,Connected,5G,On,7.374436604,37.89468018,4.745448518,87
08-01-2024 16:00,18,48,9,Connected,4G,Off,36.14050652,27.53215009,2.498846621,65
08-01-2024 17:00,71,70,121,Disconnected,4G,On,25.60680475,37.80914323,9.875591176,47
08-01-2024 18:00,46,0,120,Disconnected,4G,Off,15.19347317,25.19843219,8.387641083,32
08-01-2024 19:00,60,140,124,Disconnected,5G,Off,32.62866378,32.67670685,3.533295722,57
08-01-2024 20:00,53,178,169,Disconnected,4G,Off,16.37861532,36.54163869,1.630618261,82
08-01-2024 21:00,33,122,71,Connected,5G,Off,30.99342895,39.02193276,1.509630016,72
08-01-2024 22:00,88,61,151,Connected,4G,Off,21.16439361,38.63803204,2.083403346,27
08-01-2024 23:00,68,31,48,Disconnected,4G,Off,42.0598502,37.29437304,6.226917253,34
09-01-2024 00:00,41,157,153,Disconnected,4G,On,41.93132723,38.32287024,9.358870791,9
09-01-2024 01:00,97,28,90,Connected,5G,Off,26.48076792,27.98829529,5.470690852,64
09-01-2024 02:00,61,48,36,Disconnected,5G,On,20.78685992,29.26276444,8.586509342,41
09-01-2024 03:00,71,172,67,Connected,4G,Off,21.31519085,29.33452787,5.012979579,84
09-01-2024 04:00,67,29,49,Disconnected,5G,On,41.25715366,30.65580897,7.377251912,8
09-01-2024 05:00,61,143,151,Connected,4G,Off,19.76807673,30.89981006,7.586854636,59
09-01-2024 06:00,21,167,18,Disconnected,5G,Off,14.40767182,33.16832987,2.565673353,14
09-01-2024 07:00,48,18,99,Disconnected,5G,On,8.810975384,27.39819645,4.250944531,98
09-01-2024 08:00,11,17,59,Connected,4G,Off,26.00119044,35.36869996,6.735719409,56
09-01-2024 09:00,12,0,166,Disconnected,4G,Off,26.69594445,27.51349809,1.636269474,68
09-01-2024 10:00,65,77,88,Connected,4G,Off,42.84089197,29.65462723,4.25386169,21
09-01-2024 11:00,90,114,145,Connected,4G,On,14.95574134,32.55017696,5.813195197,63
09-01-2024 12:00,68,174,146,Connected,5G,Off,22.14460732,36.94660842,9.966020437,40
09-01-2024 13:00,11,112,163,Connected,5G,On,41.37825825,36.0920385,5.270802064,86
09-01-2024 14:00,11,113,68,Connected,5G,Off,42.06306248,34.68301535,8.344510814,70
09-01-2024 15:00,63,165,174,Disconnected,4G,Off,22.30749842,27.33659891,4.888605566,55
09-01-2024 16:00,96,178,48,Disconnected,4G,On,25.66058105,33.20568018,8.167516504,22
09-01-2024 17:00,10,62,107,Connected,5G,Off,18.64786509,26.31169753,6.358733215,24
09-01-2024 18:00,28,131,160,Disconnected,4G,Off,46.96496953,30.66044765,8.979358974,90
09-01-2024 19:00,11,128,118,Connected,5G,On,10.33896946,31.20274795,4.698482971,5
09-01-2024 20:00,62,7,148,Disconnected,5G,Off,47.01872404,25.59717159,6.438739778,33
09-01-2024 21:00,53,156,149,Disconnected,5G,On,35.77399033,29.10982149,6.670168126,62
09-01-2024 22:00,99,54,175,Disconnected,5G,On,28.92074687,39.33474201,4.756446476,8
09-01-2024 23:00,41,102,36,Disconnected,5G,On,6.469657735,39.30448912,2.298808393,59
10-01-2024 00:00,79,130,142,Connected,4G,Off,26.40182863,30.28490581,1.842034662,48
10-01-2024 01:00,41,31,162,Connected,4G,On,23.34866473,25.64650163,1.150043955,96
10-01-2024 02:00,77,9,159,Disconnected,4G,On,12.25484654,27.68642409,8.861808378,50
10-01-2024 03:00,64,109,10,Disconnected,5G,Off,34.53843216,30.8832669,3.12827421,59
10-01-2024 04:00,84,161,137,Connected,5G,On,48.70179083,39.21669547,2.903560744,69
10-01-2024 05:00,65,123,77,Disconnected,5G,Off,30.2984965,27.11798595,7.624318604,36
10-01-2024 06:00,26,86,76,Connected,5G,Off,37.16389744,36.45273766,3.880145018,30
10-01-2024 07:00,47,54,152,Connected,4G,Off,8.080270365,26.63023809,5.554402232,97
10-01-2024 08:00,33,31,1,Connected,4G,Off,23.79501481,39.71886366,2.462599588,40
10-01-2024 09:00,78,177,63,Disconnected,5G,On,10.23613183,30.72424749,9.637711493,61
10-01-2024 10:00,79,134,34,Connected,5G,On,32.5758126,36.62851808,8.6642326,92
10-01-2024 11:00,95,92,6,Disconnected,5G,On,47.23169712,30.13886624,8.774106607,57
10-01-2024 12:00,20,7,84,Connected,4G,On,34.77999796,34.41503316,4.660963737,13
10-01-2024 13:00,25,64,145,Disconnected,4G,On,8.456137174,27.88024127,7.861250923,35
10-01-2024 14:00,82,56,66,Disconnected,4G,Off,20.95997922,27.19031529,2.294885399,35
10-01-2024 15:00,68,66,41,Disconnected,5G,On,29.77985207,39.07096209,1.077571023,78
10-01-2024 16:00,79,71,117,Connected,5G,On,23.14434903,38.76470917,1.179756393,7
10-01-2024 17:00,89,53,124,Connected,4G,On,42.51398047,38.3120341,6.279415637,25
10-01-2024 18:00,12,66,166,Disconnected,5G,Off,41.66019521,34.38150175,5.098554147,35
10-01-2024 19:00,29,50,168,Disconnected,4G,Off,32.5323959,37.12402317,5.66213814,47
10-01-2024 20:00,68,96,23,Disconnected,5G,On,21.80560753,26.03555405,1.067168264,84
10-01-2024 21:00,45,91,45,Connected,4G,Off,16.49013682,30.02183563,4.804179577,27
10-01-2024 22:00,28,7,18,Connected,5G,On,9.76434432,29.70554687,7.462613451,67
10-01-2024 23:00,99,161,67,Connected,4G,On,20.97039576,34.53467983,4.984243318,61
11-01-2024 00:00,76,34,101,Connected,4G,Off,23.59276327,30.3393666,7.589972857,79
11-01-2024 01:00,28,95,41,Disconnected,4G,Off,35.41203163,27.22760172,3.09717068,85
11-01-2024 02:00,29,87,31,Disconnected,4G,On,34.61719209,33.94700613,8.31827804,75
11-01-2024 03:00,80,77,166,Connected,4G,On,8.154866284,37.21575881,6.295881164,79
11-01-2024 04:00,61,31,108,Connected,4G,Off,22.78666919,30.73185242,2.896867895,50
11-01-2024 05:00,42,119,35,Disconnected,5G,On,13.18004902,26.98403073,3.130484283,41
11-01-2024 06:00,49,45,96,Connected,5G,Off,12.05657174,27.95032296,6.652274181,28
11-01-2024 07:00,48,143,163,Connected,5G,On,42.22859674,28.56224958,8.469456339,81
11-01-2024 08:00,91,164,130,Connected,4G,Off,6.886184752,29.49846389,4.740650038,9
11-01-2024 09:00,10,141,72,Connected,4G,On,23.86322942,34.64192606,3.324703862,38
11-01-2024 10:00,20,54,135,Connected,5G,On,12.56916451,34.01418227,8.803104462,81
11-01-2024 11:00,66,175,96,Connected,4G,Off,44.56985971,35.44119792,7.023414626,0
11-01-2024 12:00,98,6,122,Disconnected,4G,On,30.0668231,30.43752977,5.032769386,38
11-01-2024 13:00,59,73,69,Connected,4G,On,15.41212864,37.35996478,5.391101758,20
11-01-2024 14:00,32,6,168,Connected,4G,Off,27.60922792,28.06131492,2.838308211,64
11-01-2024 15:00,40,160,12,Disconnected,4G,On,37.91688619,32.03561121,6.641223671,14
11-01-2024 16:00,51,150,48,Disconnected,5G,On,48.1153104,37.01408082,4.228682595,3
11-01-2024 17:00,16,84,59,Disconnected,5G,On,14.92007019,27.70237972,9.96080659,59
11-01-2024 18:00,25,146,129,Connected,5G,Off,44.87817975,26.64794671,5.321651637,60
11-01-2024 19:00,99,111,4,Disconnected,5G,Off,47.04368514,38.25525952,5.372970456,19
11-01-2024 20:00,69,124,171,Connected,5G,Off,46.2389245,30.14394494,6.092666087,9
11-01-2024 21:00,11,146,26,Connected,4G,On,33.59364606,35.25805187,9.250804028,86
11-01-2024 22:00,10,35,159,Connected,4G,On,33.34192945,25.38022906,8.207362899,33
11-01-2024 23:00,57,28,148,Disconnected,4G,On,23.14447849,35.35070333,5.060170628,47
12-01-2024 00:00,21,81,7,Disconnected,4G,On,38.8579047,29.74151967,7.468293394,32
12-01-2024 01:00,78,1,49,Disconnected,5G,Off,28.90823083,25.8361128,6.276119489,97
12-01-2024 02:00,46,128,66,Disconnected,5G,On,35.48471321,34.14719142,5.431303438,60
12-01-2024 03:00,41,46,43,Disconnected,5G,On,24.28060567,28.61205724,2.730841955,9
12-01-2024 04:00,18,147,124,Connected,4G,On,37.91734088,30.80210863,5.175426371,53
12-01-2024 05:00,28,10,57,Connected,5G,Off,42.10121829,26.20871218,3.212367283,83
12-01-2024 06:00,57,129,2,Connected,4G,On,11.58963155,27.20744877,9.233579349,64
12-01-2024 07:00,89,118,85,Connected,5G,On,42.4818372,29.46965853,4.018661321,76
12-01-2024 08:00,12,139,69,Disconnected,5G,On,29.31334393,26.34639251,9.570376131,0
12-01-2024 09:00,29,19,129,Disconnected,4G,On,43.00996591,38.66239397,5.797497611,4
12-01-2024 10:00,33,4,171,Connected,4G,On,24.40857679,25.09070565,6.683899408,79
12-01-2024 11:00,63,36,1,Disconnected,5G,Off,22.05682184,32.25790328,5.886464,14
12-01-2024 12:00,42,165,101,Disconnected,5G,On,46.17773296,26.84871187,2.164425553,27
12-01-2024 13:00,33,136,34,Connected,4G,On,16.30261704,29.61518634,4.382390971,94
12-01-2024 14:00,84,52,97,Connected,5G,On,42.98955464,38.8908934,1.89231501,22
12-01-2024 15:00,81,171,29,Disconnected,5G,On,26.78092576,27.4254183,6.606586398,16
12-01-2024 16:00,45,98,115,Disconnected,4G,On,28.13429491,39.4874848,5.021867757,97
12-01-2024 17:00,47,85,7,Connected,5G,On,18.88107267,28.08691565,8.001864744,12
12-01-2024 18:00,93,107,149,Connected,4G,On,30.78689903,36.12349163,2.984234329,13
12-01-2024 19:00,98,23,43,Connected,5G,On,19.63450383,33.20015897,2.481094526,10
12-01-2024 20:00,34,80,35,Disconnected,4G,On,6.767123641,38.26718091,4.656990079,27
12-01-2024 21:00,27,157,76,Connected,5G,On,17.23993724,33.30989883,9.339268449,41
12-01-2024 22:00,91,119,30,Connected,4G,Off,5.287056953,33.01838829,7.393796335,95
12-01-2024 23:00,75,58,46,Disconnected,5G,Off,49.02596542,27.93187001,4.770312623,98
13-01-2024 00:00,63,127,54,Disconnected,4G,Off,48.45862444,27.49344043,5.655449528,60
13-01-2024 01:00,44,113,105,Disconnected,5G,Off,22.78198839,38.74733727,1.757917101,63
13-01-2024 02:00,89,114,157,Disconnected,5G,On,37.77668845,29.91757298,9.861183067,30
13-01-2024 03:00,70,13,120,Disconnected,5G,Off,20.56127443,30.58123382,6.997665742,80
13-01-2024 04:00,50,8,54,Connected,5G,Off,35.19919207,36.39735488,3.568636616,72
13-01-2024 05:00,42,39,143,Connected,5G,On,41.24435194,30.08235224,6.272275548,9
13-01-2024 06:00,77,24,11,Disconnected,5G,Off,47.60403101,39.2809367,1.985341295,7
13-01-2024 07:00,42,102,144,Disconnected,5G,Off,23.00955241,36.06891653,9.692530019,20
13-01-2024 08:00,23,21,143,Disconnected,5G,On,40.24840923,33.96143864,2.573064891,76
13-01-2024 09:00,30,3,139,Disconnected,5G,On,16.96678028,38.21342741,6.832272862,58
13-01-2024 10:00,57,153,135,Disconnected,4G,On,49.56495367,25.74408863,3.209090163,49
13-01-2024 11:00,29,28,2,Connected,4G,Off,6.159631944,28.85594038,7.458052444,68
13-01-2024 12:00,17,108,143,Connected,5G,Off,32.15879629,31.97554501,7.991392305,69
13-01-2024 13:00,16,97,29,Connected,4G,On,34.67776917,28.40467809,7.06077756,29
13-01-2024 14:00,76,36,22,Connected,5G,On,35.96205007,36.15857781,6.530495142,94
13-01-2024 15:00,26,74,91,Disconnected,5G,Off,10.41744105,38.78812047,9.032221846,16
13-01-2024 16:00,42,69,114,Connected,4G,On,47.23384026,31.3565518,1.707640399,74
13-01-2024 17:00,57,145,103,Disconnected,5G,Off,13.15324756,30.131989,3.978232892,19
13-01-2024 18:00,85,127,117,Disconnected,5G,On,33.02390315,39.42326098,3.234587317,47
13-01-2024 19:00,68,84,4,Disconnected,4G,On,15.02042356,31.67278649,9.892125659,72
13-01-2024 20:00,95,41,103,Connected,4G,Off,18.82473877,32.33572601,4.504508017,1
13-01-2024 21:00,31,99,107,Disconnected,5G,On,29.59063438,30.27474809,7.593514293,36
13-01-2024 22:00,39,40,64,Connected,4G,On,23.77370384,38.6432271,7.162526475,0
13-01-2024 23:00,47,165,120,Connected,4G,On,12.21015204,33.53433225,2.908731137,3
14-01-2024 00:00,60,33,29,Disconnected,5G,Off,12.69213811,36.43261881,3.150979122,99
14-01-2024 01:00,63,16,148,Disconnected,4G,On,23.81651547,37.17710078,3.531561072,53
14-01-2024 02:00,17,164,83,Disconnected,4G,On,39.07773402,30.12773563,4.700145504,24
14-01-2024 03:00,36,152,149,Connected,5G,On,45.40840911,31.50541497,3.108925591,2
14-01-2024 04:00,36,121,31,Disconnected,4G,On,8.785744802,37.72707662,1.176863345,8
14-01-2024 05:00,30,75,160,Connected,4G,On,22.68967584,30.44883028,8.914537511,85
14-01-2024 06:00,39,86,15,Disconnected,5G,On,9.511050368,36.909027,9.690488482,86
14-01-2024 07:00,37,116,37,Disconnected,5G,Off,5.746661628,39.11488484,4.074133483,75
14-01-2024 08:00,73,105,141,Connected,5G,Off,34.77734072,34.3481556,4.046561915,73
14-01-2024 09:00,78,85,35,Connected,4G,On,32.11022489,36.12440931,1.063826315,33
14-01-2024 10:00,70,26,150,Connected,5G,Off,12.33586012,37.07645968,7.122256195,42
14-01-2024 11:00,57,56,113,Connected,5G,Off,15.52157749,37.67559473,8.428959062,73
14-01-2024 12:00,28,30,65,Connected,4G,On,6.066848914,30.92580007,2.319474703,93
14-01-2024 13:00,13,133,104,Connected,5G,Off,42.57262426,25.76895189,2.436997144,21
14-01-2024 14:00,44,167,84,Disconnected,5G,Off,48.86107682,31.02814407,8.11074925,69
14-01-2024 15:00,73,97,1,Disconnected,5G,Off,11.09567916,35.10634345,6.546616735,1
14-01-2024 16:00,58,11,74,Connected,5G,Off,15.41638462,31.75525579,1.403745019,93
14-01-2024 17:00,26,52,66,Disconnected,4G,Off,44.07842858,36.23444726,6.602922914,65
14-01-2024 18:00,53,137,179,Connected,5G,Off,46.69087091,30.35473644,3.780259506,31
14-01-2024 19:00,39,172,150,Disconnected,5G,Off,23.88323223,34.52116212,4.318526399,15
14-01-2024 20:00,55,144,153,Disconnected,4G,Off,7.278011252,27.79629707,7.927582765,75
14-01-2024 21:00,15,153,54,Connected,5G,On,6.772632516,36.24054155,8.298416734,0
14-01-2024 22:00,46,121,5,Connected,4G,On,30.82774397,33.18543953,4.603209642,71
14-01-2024 23:00,33,45,162,Connected,4G,Off,22.6802799,28.06096583,9.524376424,47
15-01-2024 00:00,55,63,149,Disconnected,4G,Off,6.289359241,29.3786676,4.658164462,49
15-01-2024 01:00,62,129,170,Connected,5G,On,31.24635765,36.22913063,7.946524317,12
15-01-2024 02:00,69,53,142,Disconnected,4G,Off,5.508614147,32.23901853,5.354895381,14
15-01-2024 03:00,72,106,85,Connected,4G,Off,40.43173812,28.24047161,9.077790939,52
15-01-2024 04:00,94,50,59,Disconnected,4G,On,18.78947702,39.50906786,9.169851193,43
15-01-2024 05:00,41,35,100,Disconnected,5G,On,6.811610135,35.7268753,1.786751271,7
15-01-2024 06:00,96,114,11,Connected,5G,On,31.47584994,39.35702249,9.428439982,73
15-01-2024 07:00,42,25,48,Disconnected,5G,Off,22.89579865,31.40657568,8.429813574,45
15-01-2024 08:00,76,28,41,Disconnected,5G,Off,48.8210186,32.12650511,8.121796429,68
15-01-2024 09:00,27,148,165,Connected,5G,On,29.48893981,38.46932824,2.808202057,18
15-01-2024 10:00,34,10,81,Disconnected,5G,On,17.38576315,32.8757401,8.246072879,37
15-01-2024 11:00,63,39,172,Connected,5G,Off,36.92474891,35.60918368,8.651194612,10
15-01-2024 12:00,67,10,34,Connected,4G,On,17.21714011,28.78259316,3.60235301,42
15-01-2024 13:00,76,163,157,Connected,4G,Off,45.69094811,31.70089703,9.570340705,19
15-01-2024 14:00,55,112,157,Connected,4G,Off,21.86248867,26.85174799,1.448741318,19
15-01-2024 15:00,33,38,133,Disconnected,4G,On,29.74408532,28.08970054,2.349183279,20
15-01-2024 16:00,41,53,66,Disconnected,5G,On,7.275789672,25.01415123,5.838230242,81
15-01-2024 17:00,56,97,79,Disconnected,4G,Off,24.17545571,25.58897577,6.18213224,56
15-01-2024 18:00,95,54,6,Connected,4G,On,42.45635928,39.65925735,6.80635075,49
15-01-2024 19:00,32,110,179,Disconnected,4G,On,41.25419624,28.63530543,1.152722164,73
15-01-2024 20:00,75,151,13,Disconnected,4G,On,15.09433515,34.94966064,9.643300972,97
15-01-2024 21:00,36,149,72,Connected,5G,On,15.1735582,37.58649548,1.401292835,25
15-01-2024 22:00,11,68,142,Connected,5G,Off,41.77873905,33.25990689,2.287557575,29
15-01-2024 23:00,99,55,148,Disconnected,5G,Off,46.86792891,27.2971675,1.126130658,72
16-01-2024 00:00,26,32,162,Connected,4G,Off,9.291241457,35.92174656,6.1017259,30
16-01-2024 01:00,42,35,65,Connected,5G,Off,25.25263877,34.00377115,9.390401955,41
16-01-2024 02:00,18,147,90,Connected,4G,On,20.18544255,35.96875884,6.993524495,67
16-01-2024 03:00,52,80,129,Connected,5G,On,44.1809805,36.54619934,8.403917216,60
16-01-2024 04:00,57,108,162,Disconnected,5G,Off,8.758621161,39.63115552,1.119530831,60
16-01-2024 05:00,48,153,19,Connected,5G,Off,14.50066742,33.6034492,5.878137686,69
16-01-2024 06:00,51,72,9,Connected,5G,On,38.86107519,30.12461669,5.136066798,77
16-01-2024 07:00,35,39,24,Connected,5G,Off,7.308223204,34.72696835,5.490711498,67
16-01-2024 08:00,59,16,24,Connected,4G,Off,27.16409213,26.02661064,1.649918668,89
16-01-2024 09:00,34,128,53,Connected,5G,On,24.89481656,38.46095977,7.15991825,16
16-01-2024 10:00,33,60,32,Connected,4G,Off,20.04805305,26.79071517,5.528983734,18
16-01-2024 11:00,22,170,163,Connected,4G,On,22.75575419,29.91764257,7.886339649,50
16-01-2024 12:00,69,103,94,Connected,4G,On,28.84732641,37.23618071,5.367615707,69
16-01-2024 13:00,16,41,13,Disconnected,4G,Off,12.26153113,33.95968567,2.344434726,62
16-01-2024 14:00,66,24,64,Connected,4G,On,30.73981452,30.9045328,6.834312587,92
16-01-2024 15:00,45,38,109,Disconnected,5G,Off,41.24445482,32.10153489,2.551477259,74
16-01-2024 16:00,54,34,79,Connected,5G,On,39.20724184,37.8182109,8.85155107,79
16-01-2024 17:00,29,130,53,Connected,5G,Off,11.92549571,30.10006579,6.518046152,29
16-01-2024 18:00,74,107,124,Connected,5G,Off,11.71622614,38.04474527,2.414834952,24
16-01-2024 19:00,17,171,179,Connected,4G,Off,17.06784655,26.32201646,9.661042517,74
16-01-2024 20:00,25,178,130,Disconnected,5G,On,21.24836269,36.65197656,5.66528917,70
16-01-2024 21:00,23,101,168,Connected,5G,On,23.38050116,37.7132145,1.656086067,25
16-01-2024 22:00,85,97,133,Connected,4G,Off,35.58637476,27.72726479,6.64149614,55
16-01-2024 23:00,96,11,24,Disconnected,4G,On,7.550619447,31.45519799,3.278790163,21
17-01-2024 00:00,24,18,140,Disconnected,5G,Off,6.56027169,27.48249662,8.233241067,88
17-01-2024 01:00,75,100,116,Connected,5G,Off,22.63597533,35.59906193,8.360398662,18
17-01-2024 02:00,41,43,135,Disconnected,4G,On,36.37236615,33.03021652,9.810526203,30
17-01-2024 03:00,96,48,148,Disconnected,5G,Off,13.70459043,34.5298502,5.516825779,25
17-01-2024 04:00,72,16,24,Disconnected,5G,On,33.86770166,27.9473045,5.094611918,41
17-01-2024 05:00,95,73,78,Connected,5G,Off,16.69226621,28.17618793,7.781280449,40
17-01-2024 06:00,60,56,67,Connected,5G,On,44.8738749,25.62245988,2.192235907,99
17-01-2024 07:00,34,54,172,Connected,4G,Off,45.30604749,29.83101303,5.922239624,22
17-01-2024 08:00,67,46,11,Disconnected,4G,Off,18.37792419,33.39616992,5.916228401,46
17-01-2024 09:00,72,11,31,Connected,4G,On,15.34971893,37.86902371,1.805258105,12
17-01-2024 10:00,71,61,127,Disconnected,5G,Off,23.50867874,35.00391171,4.76185677,88
17-01-2024 11:00,31,79,95,Connected,5G,Off,15.82392133,31.53094485,8.679563187,65
17-01-2024 12:00,67,82,91,Connected,5G,On,35.25727295,39.29680172,8.705382598,65
17-01-2024 13:00,67,7,140,Disconnected,5G,Off,42.1729108,35.78867801,1.893138984,15
17-01-2024 14:00,95,148,30,Connected,5G,On,35.28914589,38.95247804,1.816487945,72
17-01-2024 15:00,58,80,77,Disconnected,4G,Off,42.09577013,32.9138196,3.364259293,27
17-01-2024 16:00,61,117,19,Disconnected,5G,On,22.8646473,28.88356412,8.872894563,76
17-01-2024 17:00,51,24,145,Connected,5G,Off,12.03426368,25.7924003,2.160123266,34
17-01-2024 18:00,79,88,59,Disconnected,4G,Off,38.20779263,35.89127277,7.479971224,40
17-01-2024 19:00,24,11,133,Connected,5G,Off,21.22135273,26.81954497,1.910490577,76
17-01-2024 20:00,63,142,159,Connected,4G,On,35.20718714,29.54162692,6.608240684,30
17-01-2024 21:00,69,58,92,Disconnected,4G,On,17.17897739,32.98706362,4.204605692,84
17-01-2024 22:00,17,153,42,Connected,4G,On,8.655333566,33.46624882,8.100225667,31
17-01-2024 23:00,62,108,129,Disconnected,4G,On,49.6661808,34.00874795,3.103214039,53
18-01-2024 00:00,69,25,59,Connected,4G,Off,12.02906786,27.49382996,6.752816465,97
18-01-2024 01:00,14,46,150,Connected,5G,Off,49.47894473,30.69606107,3.121142811,71
18-01-2024 02:00,77,31,30,Connected,4G,On,48.97759697,34.25791341,7.422942548,58
18-01-2024 03:00,15,9,4,Connected,4G,On,40.72181468,39.54728297,8.863102311,40
18-01-2024 04:00,56,15,161,Connected,5G,On,34.67403329,35.91446707,2.141216192,65
18-01-2024 05:00,64,144,9,Disconnected,5G,Off,31.00131726,38.83905636,8.799361197,95
18-01-2024 06:00,49,150,88,Disconnected,4G,On,43.97456954,36.43318087,6.34217729,53
18-01-2024 07:00,61,25,129,Disconnected,5G,On,18.02477847,33.87575453,2.143994418,39
18-01-2024 08:00,25,85,125,Disconnected,5G,Off,26.04565456,27.88035054,4.847876698,27
18-01-2024 09:00,22,134,10,Disconnected,4G,Off,32.87254862,35.00028478,2.447742641,36
18-01-2024 10:00,39,13,177,Disconnected,4G,On,23.50357141,34.35069349,7.303131,64
18-01-2024 11:00,28,78,158,Connected,5G,Off,24.23689043,34.03703756,7.82981321,73
18-01-2024 12:00,26,116,55,Connected,4G,On,19.86281004,32.34678802,1.952168682,54
18-01-2024 13:00,72,6,82,Disconnected,4G,Off,30.39043175,32.92984906,5.555258674,3
18-01-2024 14:00,28,136,136,Disconnected,5G,On,43.27585376,30.01663791,8.331625504,98
18-01-2024 15:00,67,114,98,Connected,4G,On,14.06877701,32.78969039,9.425467374,9
18-01-2024 16:00,64,175,148,Connected,4G,On,47.04948674,27.96333859,5.621660801,46
18-01-2024 17:00,99,71,72,Connected,4G,On,36.00894442,37.07761596,9.552513013,74
18-01-2024 18:00,99,58,155,Disconnected,4G,Off,42.04729457,27.78665432,5.821200734,13
18-01-2024 19:00,71,81,114,Disconnected,4G,Off,30.02858117,26.27449435,4.547714451,37
18-01-2024 20:00,32,115,6,Disconnected,5G,Off,40.07825156,31.5436904,8.633828157,11
18-01-2024 21:00,18,166,79,Connected,5G,Off,5.72901788,34.87461159,5.436844394,44
18-01-2024 22:00,21,145,143,Connected,4G,On,41.82711912,31.56575237,5.247122595,16
18-01-2024 23:00,10,102,96,Disconnected,5G,On,6.806248659,29.15131198,5.412812405,79
19-01-2024 00:00,67,16,3,Disconnected,4G,Off,45.04610194,33.37256776,8.621065017,34
19-01-2024 01:00,10,13,3,Connected,4G,Off,49.63832363,30.20503503,8.487473875,65
19-01-2024 02:00,43,158,102,Connected,4G,Off,18.2330358,38.99301535,4.631679932,74
19-01-2024 03:00,57,151,39,Connected,4G,Off,14.46433503,38.83967709,3.999698739,40
19-01-2024 04:00,98,107,16,Connected,4G,Off,39.44135137,32.5355773,5.427352216,66
19-01-2024 05:00,10,44,100,Disconnected,5G,On,16.38618534,29.91825991,6.154952588,28
19-01-2024 06:00,25,97,102,Connected,5G,On,43.95030724,36.05698621,3.145034896,17
19-01-2024 07:00,70,130,123,Connected,4G,On,9.627916647,25.55069415,8.145595762,19
19-01-2024 08:00,73,36,51,Connected,5G,Off,10.66798384,32.12153509,5.378344892,13
19-01-2024 09:00,72,170,51,Disconnected,4G,Off,49.06181998,30.04485091,4.006409936,33
19-01-2024 10:00,78,167,163,Disconnected,5G,Off,35.32275042,38.80803828,1.961388937,48
19-01-2024 11:00,31,107,123,Connected,4G,Off,43.1099251,25.18004541,3.149606444,53
19-01-2024 12:00,76,38,165,Connected,5G,On,19.59482198,33.29222314,9.543530546,30
19-01-2024 13:00,85,14,177,Connected,4G,On,35.44176873,36.10995372,3.745897181,57
19-01-2024 14:00,35,119,62,Disconnected,4G,Off,31.74088223,32.27526981,2.519733604,41
19-01-2024 15:00,25,3,115,Disconnected,5G,On,32.14175541,26.28104545,5.146055125,57
19-01-2024 16:00,60,92,61,Disconnected,5G,On,35.71396068,39.58692085,3.76378969,81
19-01-2024 17:00,95,152,6,Connected,4G,Off,30.89116279,32.77015647,1.316433252,29
19-01-2024 18:00,66,140,154,Disconnected,5G,Off,24.30780662,34.21279366,3.908306956,24
19-01-2024 19:00,38,160,91,Connected,4G,Off,17.41652125,28.54914674,5.896977615,62
19-01-2024 20:00,87,15,13,Connected,5G,Off,39.58615989,32.25247128,5.965411348,18
19-01-2024 21:00,78,169,85,Connected,5G,Off,15.18225935,31.43724238,4.209030291,71
19-01-2024 22:00,56,107,132,Disconnected,4G,Off,36.15594378,26.12343763,5.025724806,91
19-01-2024 23:00,71,125,129,Connected,5G,On,15.49997702,26.5924053,9.689661264,7
20-01-2024 00:00,78,54,61,Disconnected,5G,On,33.13985765,37.56208779,4.396136295,94
20-01-2024 01:00,85,169,148,Disconnected,4G,Off,38.61852202,28.59729928,3.324041319,2
20-01-2024 02:00,25,33,78,Connected,5G,On,14.842125,27.92437407,3.191203397,66
20-01-2024 03:00,99,157,148,Connected,4G,Off,7.697448539,32.57367177,5.119881514,85
20-01-2024 04:00,99,12,137,Disconnected,4G,Off,10.89381843,36.53120697,7.835681338,80
20-01-2024 05:00,57,140,57,Connected,4G,Off,32.26986353,25.92919778,2.853893658,99
20-01-2024 06:00,94,17,119,Disconnected,4G,Off,43.22508828,33.65211879,7.383665144,16
20-01-2024 07:00,48,159,166,Connected,4G,On,7.024856956,26.78815664,1.19034841,13
20-01-2024 08:00,42,95,132,Disconnected,5G,Off,38.03680666,25.54691576,4.770396802,8
20-01-2024 09:00,32,122,64,Disconnected,4G,On,20.35933907,25.79115928,7.982785587,61
20-01-2024 10:00,19,38,12,Disconnected,4G,Off,26.53377665,37.51246162,4.048596602,93
20-01-2024 11:00,78,45,81,Disconnected,5G,Off,46.79867974,26.76958725,6.073633913,20
20-01-2024 12:00,43,28,172,Connected,5G,Off,19.93871771,25.67727047,2.844813095,75
20-01-2024 13:00,61,61,159,Connected,5G,On,25.94016203,31.56849831,7.67795852,36
20-01-2024 14:00,19,15,163,Disconnected,4G,Off,5.615708664,37.65990208,1.470511929,95
20-01-2024 15:00,28,120,138,Disconnected,4G,Off,8.6719424,28.93612565,8.672883804,10
20-01-2024 16:00,67,9,148,Connected,4G,Off,16.6366216,31.32568926,2.783767478,19
20-01-2024 17:00,10,157,51,Connected,5G,On,6.253350837,25.59883799,8.869582285,34
20-01-2024 18:00,78,152,116,Connected,4G,On,33.41188967,31.73617771,4.172763172,52
20-01-2024 19:00,13,102,25,Connected,5G,On,24.18792606,33.66419621,7.50415217,46
20-01-2024 20:00,25,83,33,Connected,4G,Off,29.66653412,33.56360581,3.87302768,74
20-01-2024 21:00,33,132,51,Connected,5G,On,12.85912337,29.98640038,9.153205041,51
20-01-2024 22:00,89,64,111,Disconnected,4G,Off,18.31694132,29.73299771,2.13973413,7
20-01-2024 23:00,11,176,81,Connected,4G,On,34.87210137,26.59935428,2.606678103,3
21-01-2024 00:00,41,2,179,Connected,4G,On,48.43862256,30.50197481,5.437271126,26
21-01-2024 01:00,93,172,156,Disconnected,5G,Off,7.268754812,26.49242003,1.737445951,43
21-01-2024 02:00,33,141,165,Connected,5G,On,45.06729444,36.49893917,2.763821662,39
21-01-2024 03:00,21,119,41,Connected,4G,Off,30.95965406,39.49411447,9.49389744,46
21-01-2024 04:00,59,157,20,Connected,4G,Off,30.3763805,39.55111685,9.78840695,93
21-01-2024 05:00,44,67,41,Connected,4G,On,27.51253408,37.97606649,4.386333964,43
21-01-2024 06:00,42,145,140,Connected,5G,Off,8.122733866,34.01188224,9.309574189,47
21-01-2024 07:00,42,36,112,Disconnected,4G,Off,9.044458328,35.51298546,5.903422081,90
21-01-2024 08:00,70,152,104,Connected,4G,On,32.04104025,29.27808704,3.427682193,84
21-01-2024 09:00,60,175,16,Disconnected,4G,On,20.34313571,34.4615563,7.32158849,51
21-01-2024 10:00,52,72,119,Disconnected,4G,Off,46.277063,31.83474324,6.930116259,83
21-01-2024 11:00,21,142,136,Connected,5G,On,23.29657418,32.2302601,9.902127872,67
21-01-2024 12:00,76,48,168,Disconnected,5G,Off,11.44766564,36.36664841,3.385425587,10
21-01-2024 13:00,74,120,128,Connected,4G,Off,37.16234751,29.22877533,7.048535524,76
21-01-2024 14:00,42,87,129,Disconnected,4G,On,18.20090396,29.77059418,1.468213795,72
21-01-2024 15:00,49,139,59,Disconnected,5G,On,28.64616383,38.86962687,2.022814348,3
21-01-2024 16:00,83,36,47,Connected,5G,On,36.40247535,25.84336442,1.035265375,75
21-01-2024 17:00,52,60,28,Connected,4G,On,45.511885,32.28451448,9.99514613,72
21-01-2024 18:00,53,170,96,Connected,5G,Off,40.64860377,38.69201201,8.220463274,76
21-01-2024 19:00,38,123,9,Connected,5G,Off,35.43624805,34.15544512,8.080507133,47
21-01-2024 20:00,22,38,57,Connected,4G,On,35.58349321,33.19610611,5.587534678,25
21-01-2024 21:00,21,62,20,Disconnected,5G,On,47.56660898,28.74616269,3.700603746,76
21-01-2024 22:00,55,45,27,Disconnected,5G,Off,18.31208439,30.14913234,2.36137856,38
21-01-2024 23:00,11,87,33,Disconnected,4G,Off,5.050044239,37.78072624,3.56207265,91
22-01-2024 00:00,44,10,7,Disconnected,4G,Off,17.23795517,33.38827198,4.383740997,57
22-01-2024 01:00,96,61,176,Disconnected,5G,Off,14.80511208,32.72113291,7.806790873,18
22-01-2024 02:00,90,76,78,Disconnected,4G,On,34.78255633,26.4936957,5.8569561,87
22-01-2024 03:00,99,152,144,Disconnected,5G,Off,33.51702199,25.24042235,1.697352639,82
22-01-2024 04:00,17,51,86,Connected,4G,Off,31.70576222,39.45527783,1.162261081,76
22-01-2024 05:00,35,3,87,Connected,5G,On,5.730954944,30.65479251,1.920989616,76
22-01-2024 06:00,83,58,172,Disconnected,4G,Off,37.79501245,34.04819593,4.694488423,57
22-01-2024 07:00,99,71,68,Disconnected,5G,Off,19.55886856,26.1957261,9.398736253,27
22-01-2024 08:00,43,147,159,Connected,5G,On,34.92751951,35.24671429,6.736622331,65
22-01-2024 09:00,16,92,171,Connected,5G,On,30.04602928,38.98850063,8.216433099,9
22-01-2024 10:00,77,62,86,Connected,4G,On,20.42289164,33.63497879,5.197371351,85
22-01-2024 11:00,67,53,100,Connected,4G,Off,11.05593202,26.89172984,4.254994749,76
22-01-2024 12:00,84,116,7,Disconnected,5G,Off,9.248850395,33.72582291,1.975603354,57
22-01-2024 13:00,38,109,76,Connected,5G,On,42.41832499,36.4952082,8.8833972,72
22-01-2024 14:00,45,73,86,Disconnected,4G,On,46.32788939,31.09624805,8.048440261,96
22-01-2024 15:00,98,106,42,Disconnected,4G,Off,34.2404621,38.19756622,2.513062878,13
22-01-2024 16:00,30,56,128,Disconnected,4G,On,9.654535169,34.7302443,5.610345075,83
22-01-2024 17:00,45,168,108,Connected,4G,On,23.09122476,38.48873377,5.386373271,14
22-01-2024 18:00,19,2,178,Connected,4G,On,37.802264,34.35257967,6.625823974,95
22-01-2024 19:00,82,119,151,Disconnected,4G,Off,40.09193978,26.96931958,9.515682046,32
22-01-2024 20:00,33,5,151,Disconnected,5G,Off,10.319838,29.64537567,6.217942976,16
22-01-2024 21:00,73,4,16,Disconnected,4G,Off,5.001382348,28.02692422,5.861955401,23
22-01-2024 22:00,58,4,132,Connected,5G,Off,37.04616706,38.63239747,1.452906396,29
22-01-2024 23:00,45,53,147,Disconnected,4G,Off,21.04682792,36.40600101,1.566167284,61
23-01-2024 00:00,91,46,20,Connected,4G,Off,16.45165992,35.14597553,2.686121122,12
23-01-2024 01:00,33,176,57,Disconnected,5G,On,5.580386141,29.51449479,1.292236945,61
23-01-2024 02:00,32,8,158,Disconnected,5G,Off,29.3134733,27.76067158,7.69017606,46
23-01-2024 03:00,71,98,109,Disconnected,4G,Off,43.30178309,36.34676632,7.509972736,15
23-01-2024 04:00,46,19,138,Connected,5G,On,48.09342408,32.11236919,2.22450611,65
23-01-2024 05:00,21,121,179,Connected,5G,Off,30.45852278,28.38684328,8.524710107,80
23-01-2024 06:00,64,60,142,Disconnected,5G,Off,28.15075975,34.24932967,2.393074314,95
23-01-2024 07:00,22,122,134,Connected,5G,On,8.827537347,25.60500778,3.710580283,42
23-01-2024 08:00,32,162,27,Disconnected,4G,On,29.69927607,29.89255381,3.240792092,7
23-01-2024 09:00,98,177,50,Connected,5G,On,22.09905855,32.02835492,4.350763887,2
23-01-2024 10:00,39,81,4,Connected,4G,Off,32.32108764,27.21937501,3.291973893,11
23-01-2024 11:00,26,61,4,Connected,4G,On,22.49268565,39.76981716,5.400558338,83
23-01-2024 12:00,71,144,93,Disconnected,4G,Off,15.81346056,28.13646047,4.666670932,15
23-01-2024 13:00,93,2,95,Connected,4G,Off,9.273437385,26.95529695,9.879125417,77
23-01-2024 14:00,98,159,7,Connected,5G,Off,19.17133001,28.05302311,1.503337151,79
23-01-2024 15:00,95,12,63,Disconnected,5G,Off,9.349017543,36.535917,2.279632387,58
23-01-2024 16:00,22,119,137,Disconnected,4G,On,12.96036279,31.38258489,1.475433045,48
23-01-2024 17:00,68,124,37,Disconnected,4G,On,49.43012714,33.4812391,6.632570755,62
23-01-2024 18:00,28,88,110,Disconnected,4G,Off,24.98466006,25.31513735,1.490583497,61
23-01-2024 19:00,58,72,111,Connected,4G,On,28.93422949,25.51646963,8.527957636,48
23-01-2024 20:00,21,67,80,Connected,5G,Off,44.31283379,31.68738325,5.607447676,50
23-01-2024 21:00,70,141,135,Connected,4G,Off,49.80060052,37.24982865,5.743068621,32
23-01-2024 22:00,28,100,103,Connected,5G,Off,31.22215022,38.27858318,6.054350569,29
23-01-2024 23:00,85,97,152,Connected,4G,On,41.56132195,26.30059851,2.537323357,58
24-01-2024 00:00,18,10,72,Disconnected,4G,Off,19.7123461,33.07544653,2.779212728,75
24-01-2024 01:00,80,104,177,Connected,4G,Off,18.75847809,38.69844529,3.869355906,14
24-01-2024 02:00,37,66,48,Connected,4G,On,23.12166744,30.81959132,6.341467742,81
24-01-2024 03:00,87,122,35,Connected,5G,On,35.26282682,37.44348747,2.891059983,91
24-01-2024 04:00,61,28,125,Disconnected,5G,On,35.69862602,27.00543482,2.046985544,22
24-01-2024 05:00,92,136,67,Disconnected,5G,On,19.18577456,39.03091735,9.731051978,77
24-01-2024 06:00,25,152,77,Connected,4G,Off,10.99444659,36.27134976,1.197836333,93
24-01-2024 07:00,78,75,104,Disconnected,4G,On,33.45783154,39.12001589,8.224276648,96
24-01-2024 08:00,21,169,168,Disconnected,5G,Off,10.7746638,35.1492585,8.092316346,44
24-01-2024 09:00,34,8,121,Disconnected,5G,On,31.03216287,30.45105898,3.674927025,61
24-01-2024 10:00,61,39,118,Disconnected,4G,On,36.20399576,39.07271759,2.220639544,78
24-01-2024 11:00,94,24,113,Disconnected,4G,On,36.52751734,29.13350164,2.31065782,70
24-01-2024 12:00,62,4,9,Disconnected,5G,On,38.90624498,29.98258783,7.276884555,14
24-01-2024 13:00,32,138,148,Disconnected,4G,On,44.27867397,35.51212627,6.78525932,45
24-01-2024 14:00,25,123,163,Connected,4G,On,27.49815464,36.47974449,8.044711068,63
24-01-2024 15:00,66,37,139,Connected,5G,Off,37.86121353,38.94105226,9.437330552,45
24-01-2024 16:00,48,71,90,Disconnected,4G,On,32.86277309,28.07203614,7.227346269,55
24-01-2024 17:00,62,132,1,Connected,5G,On,13.39879729,36.96997053,2.402663829,43
24-01-2024 18:00,51,175,117,Connected,4G,On,6.156034019,36.0781908,3.190983551,74
24-01-2024 19:00,67,89,12,Disconnected,5G,On,17.80436236,25.95691834,8.579743578,28
24-01-2024 20:00,48,145,159,Connected,4G,Off,24.93651679,30.80834712,2.883754683,94
24-01-2024 21:00,23,36,94,Disconnected,5G,On,32.7697675,29.24148186,1.652700853,61
24-01-2024 22:00,14,59,143,Disconnected,5G,On,43.24816987,29.56735637,7.329520486,88
24-01-2024 23:00,44,175,31,Disconnected,5G,On,13.83105725,39.74420319,4.622737199,51
25-01-2024 00:00,96,27,31,Connected,5G,On,10.64974055,34.6416612,9.280360473,53
25-01-2024 01:00,84,80,123,Connected,4G,Off,48.35659764,35.76514237,6.85229564,87
25-01-2024 02:00,27,113,10,Connected,4G,On,9.862005172,39.64926456,1.8137708,56
25-01-2024 03:00,85,39,9,Connected,5G,Off,26.53209815,30.65802674,9.530709105,82
25-01-2024 04:00,18,44,14,Disconnected,4G,On,31.3503678,37.02760253,3.327015373,65
25-01-2024 05:00,83,61,16,Disconnected,4G,Off,29.36184894,31.51796445,4.034912414,21
25-01-2024 06:00,67,92,167,Connected,4G,Off,8.871447066,38.04300508,4.620343723,19
25-01-2024 07:00,26,114,145,Disconnected,4G,On,7.56621113,27.70986312,1.461018668,32
25-01-2024 08:00,16,66,152,Disconnected,4G,On,9.746754236,39.21529266,5.4686388,71
25-01-2024 09:00,55,55,58,Connected,5G,Off,31.35144577,28.28157563,2.10986642,24
25-01-2024 10:00,22,39,77,Disconnected,5G,Off,29.49551994,29.8933076,4.60873294,45
25-01-2024 11:00,49,97,123,Connected,5G,On,15.51833564,36.34288351,4.156388092,72
25-01-2024 12:00,51,39,113,Disconnected,5G,Off,33.69983638,30.90632712,7.955560751,97
25-01-2024 13:00,18,90,21,Connected,4G,Off,41.90303759,34.12317065,8.228534605,56
25-01-2024 14:00,59,32,157,Disconnected,4G,Off,6.871053193,31.66860252,2.380715942,86
25-01-2024 15:00,36,5,171,Disconnected,5G,On,27.41584746,36.13554906,4.298960686,4
25-01-2024 16:00,75,146,31,Connected,4G,Off,36.01896854,28.42496879,4.360178449,54
25-01-2024 17:00,14,79,178,Connected,4G,Off,16.35403672,25.87686981,2.362693995,60
25-01-2024 18:00,38,167,173,Connected,5G,Off,18.84969074,29.49894096,8.186081545,88
25-01-2024 19:00,46,91,112,Connected,4G,On,32.61370563,32.11462997,7.365054955,7
25-01-2024 20:00,47,96,119,Disconnected,5G,On,45.4070882,27.52030078,2.713436077,15
25-01-2024 21:00,92,58,148,Disconnected,5G,Off,41.44659891,30.32195934,4.300497177,47
25-01-2024 22:00,17,58,121,Connected,4G,On,31.24085986,30.99974527,1.952245224,60
25-01-2024 23:00,74,47,31,Disconnected,4G,Off,37.8599773,25.86087766,6.653859374,14
26-01-2024 00:00,95,168,118,Connected,5G,On,21.41701116,33.74960872,2.092347321,64
26-01-2024 01:00,26,12,38,Connected,5G,On,33.84344876,38.26515142,9.873407518,21
26-01-2024 02:00,80,106,11,Disconnected,4G,Off,25.9781716,27.27614369,8.026138672,2
26-01-2024 03:00,98,44,174,Disconnected,5G,On,13.54712614,33.9671202,4.512146946,53
26-01-2024 04:00,54,88,17,Connected,5G,On,36.57822232,34.97108807,6.207075391,13
26-01-2024 05:00,13,169,148,Connected,5G,On,30.04090868,31.29002021,9.202076346,35
26-01-2024 06:00,45,99,140,Connected,4G,Off,21.13797119,35.51646381,5.986893524,81
26-01-2024 07:00,79,154,148,Disconnected,5G,On,46.01026355,31.16097315,2.570486378,81
26-01-2024 08:00,40,165,125,Disconnected,4G,On,5.942035302,32.56955932,4.4083302,66
26-01-2024 09:00,28,6,135,Disconnected,5G,Off,19.20979181,25.11029567,8.588303785,9
26-01-2024 10:00,70,132,45,Disconnected,4G,On,7.5596629,35.37580171,6.797917144,48
26-01-2024 11:00,63,44,103,Connected,5G,On,39.49372923,34.92014018,6.856519459,64
26-01-2024 12:00,48,57,134,Connected,4G,On,36.59483544,25.57601316,8.801393371,90
26-01-2024 13:00,83,30,150,Connected,4G,On,19.91084984,30.52375161,9.045757517,56
26-01-2024 14:00,99,22,85,Connected,4G,On,35.4048306,39.68547761,9.278133146,26
26-01-2024 15:00,28,169,149,Connected,5G,Off,22.81717518,31.31104844,1.853642739,74
26-01-2024 16:00,48,137,88,Connected,5G,Off,39.03142061,32.52918108,5.897134018,4
26-01-2024 17:00,76,159,21,Disconnected,5G,On,25.43826482,38.64895237,7.664585691,70
26-01-2024 18:00,54,106,91,Disconnected,4G,On,23.55258775,35.75892814,7.812341606,82
26-01-2024 19:00,22,157,28,Connected,5G,On,47.0628462,33.73105197,6.460445818,56
26-01-2024 20:00,67,38,12,Connected,4G,Off,16.2895595,36.96707022,2.501086017,92
26-01-2024 21:00,29,158,1,Disconnected,5G,Off,10.4201303,37.965494,8.176784985,14
26-01-2024 22:00,81,81,28,Disconnected,4G,On,31.3044401,31.85332108,7.481002002,98
26-01-2024 23:00,70,99,179,Disconnected,4G,On,48.61948155,32.12662547,1.775221944,75
27-01-2024 00:00,48,1,26,Disconnected,4G,Off,22.00276462,30.79076403,5.174288422,29
27-01-2024 01:00,10,76,49,Connected,5G,On,7.791654363,39.5005921,2.565796596,19
27-01-2024 02:00,12,11,94,Connected,5G,Off,20.26873703,35.45749381,4.037293411,36
27-01-2024 03:00,86,38,150,Connected,5G,Off,27.76692444,26.24834599,1.16272983,2
27-01-2024 04:00,71,12,87,Connected,4G,On,12.2865353,37.94439435,4.602968816,72
27-01-2024 05:00,72,45,43,Connected,4G,Off,34.61459981,32.20839911,5.94889229,40
27-01-2024 06:00,34,154,21,Disconnected,5G,On,49.89872251,26.0313086,6.576243335,38
27-01-2024 07:00,65,112,170,Connected,5G,On,25.32827642,33.24575883,6.971413106,25
27-01-2024 08:00,42,16,164,Disconnected,5G,On,20.96278505,31.25746418,8.526621818,1
27-01-2024 09:00,47,103,96,Connected,4G,On,23.03168751,38.16624107,2.939166165,22
27-01-2024 10:00,15,97,2,Connected,4G,On,10.18157803,28.05991905,2.084336402,22
27-01-2024 11:00,67,87,117,Connected,4G,On,44.74731206,37.39696914,8.663834547,84
27-01-2024 12:00,53,108,18,Connected,4G,Off,23.6671545,33.36533037,2.409515334,15
27-01-2024 13:00,54,162,22,Connected,4G,Off,22.42734851,25.81915455,9.772840732,8
27-01-2024 14:00,41,69,156,Disconnected,5G,Off,34.68606228,39.57767952,8.582844065,12
27-01-2024 15:00,54,157,29,Disconnected,4G,Off,24.89150394,32.68922866,5.507889453,27
27-01-2024 16:00,70,73,38,Disconnected,4G,On,34.1705061,29.36315281,9.832792824,26
27-01-2024 17:00,56,62,107,Connected,4G,Off,7.765083056,32.04110263,1.876390562,50
27-01-2024 18:00,30,155,110,Connected,4G,Off,41.61755047,37.86786675,3.727591851,63
27-01-2024 19:00,89,59,24,Disconnected,4G,Off,47.32267788,29.57354687,6.744019735,51
27-01-2024 20:00,94,78,127,Connected,5G,On,34.19444238,27.89014595,4.150061816,80
27-01-2024 21:00,84,36,110,Connected,4G,Off,47.9554668,26.9360687,9.355352968,37
27-01-2024 22:00,45,21,135,Disconnected,4G,On,11.81445415,29.46789098,1.590634794,99
27-01-2024 23:00,28,147,105,Connected,4G,Off,26.48372853,36.70072131,5.944706489,64
28-01-2024 00:00,29,95,143,Disconnected,5G,On,32.08130303,32.07439548,6.317796407,17
28-01-2024 01:00,66,67,71,Connected,5G,On,31.17814913,28.41222406,6.874553114,62
28-01-2024 02:00,27,16,128,Disconnected,5G,Off,23.06578006,27.49277499,3.30099601,50
28-01-2024 03:00,56,11,107,Connected,4G,On,20.21379842,29.99094215,4.281097848,8
28-01-2024 04:00,58,149,4,Connected,5G,On,10.70708101,39.09886559,8.593124767,12
28-01-2024 05:00,23,144,2,Disconnected,4G,Off,22.62841028,30.14540069,2.754484921,39
28-01-2024 06:00,24,137,131,Connected,4G,Off,12.31973668,39.82186114,8.441810625,54
28-01-2024 07:00,40,117,103,Connected,5G,Off,38.04645544,32.27845684,6.063898806,78
28-01-2024 08:00,10,21,63,Disconnected,4G,On,14.3973921,27.68745877,7.859687601,42
28-01-2024 09:00,63,119,105,Connected,4G,On,7.635438738,38.36710138,7.422466296,43
28-01-2024 10:00,12,49,97,Disconnected,4G,On,29.8564762,31.9053306,2.867603458,67
28-01-2024 11:00,25,13,9,Connected,5G,Off,31.78533797,35.64507015,6.119314628,32
28-01-2024 12:00,96,174,148,Connected,4G,On,44.23608776,39.75567375,8.809508375,23
28-01-2024 13:00,66,28,127,Connected,4G,On,30.96417256,25.75263025,4.889046131,35
28-01-2024 14:00,84,163,45,Connected,5G,On,20.54663842,26.4504184,9.699316932,9
28-01-2024 15:00,21,179,154,Disconnected,4G,On,41.13553467,35.80685112,5.069935901,99
28-01-2024 16:00,83,124,65,Connected,4G,On,29.31255019,29.22737505,2.28507073,19
28-01-2024 17:00,25,6,168,Disconnected,5G,On,8.567612808,27.76452095,4.504912121,74
28-01-2024 18:00,81,28,111,Connected,4G,On,30.46327521,25.5904282,9.565321658,11
28-01-2024 19:00,85,138,12,Connected,4G,Off,45.86083454,25.32770068,3.877487644,61
28-01-2024 20:00,33,32,136,Connected,4G,Off,22.83406815,36.61728405,8.812883439,17
28-01-2024 21:00,37,133,163,Connected,4G,Off,18.33466109,27.01650141,8.931256135,93
28-01-2024 22:00,17,110,85,Disconnected,4G,On,11.45612557,32.01580924,4.151678719,62
28-01-2024 23:00,45,78,89,Disconnected,5G,On,11.81504849,34.08845223,1.749318922,83
29-01-2024 00:00,99,159,57,Disconnected,5G,Off,24.4747168,31.42527701,7.521021182,24
29-01-2024 01:00,17,178,53,Disconnected,5G,On,31.80559209,25.40659979,3.803610691,11
29-01-2024 02:00,67,57,11,Connected,5G,Off,8.627693233,36.75252254,8.046312528,20
29-01-2024 03:00,69,25,13,Disconnected,4G,On,47.28058651,25.15769837,4.983893634,24
29-01-2024 04:00,59,173,120,Disconnected,4G,On,38.98101279,36.42834842,5.367400681,10
29-01-2024 05:00,37,28,161,Connected,4G,Off,31.39807632,38.39956741,8.001184661,63
29-01-2024 06:00,50,3,120,Connected,4G,Off,42.27974019,31.49259882,4.44126998,72
29-01-2024 07:00,73,98,19,Connected,4G,Off,8.608404057,33.0331371,4.988146108,49
29-01-2024 08:00,36,140,74,Connected,5G,Off,26.4577495,32.15475089,4.385714219,61
29-01-2024 09:00,72,38,143,Disconnected,5G,Off,33.35419071,30.83812928,4.306064637,88
29-01-2024 10:00,26,14,69,Disconnected,4G,On,42.28938078,38.31136803,5.733519192,98
29-01-2024 11:00,82,118,55,Connected,4G,On,40.2561302,38.40900266,8.279195001,95
29-01-2024 12:00,42,28,100,Connected,4G,On,17.46811624,30.03724547,4.255914807,48
29-01-2024 13:00,93,156,131,Connected,5G,Off,47.33960763,34.22604631,5.718292485,13
29-01-2024 14:00,86,74,110,Disconnected,4G,Off,10.59556286,38.90361343,7.036545929,0
29-01-2024 15:00,38,115,124,Disconnected,4G,Off,44.38101284,39.43087748,3.424955017,80
29-01-2024 16:00,22,31,131,Connected,4G,Off,48.69231123,32.63438561,3.497705244,24
29-01-2024 17:00,55,129,19,Connected,5G,Off,12.97190855,31.79237208,9.400718143,58
29-01-2024 18:00,44,174,137,Disconnected,4G,Off,37.49297289,29.18041474,7.51181116,71
29-01-2024 19:00,15,83,23,Connected,5G,On,6.812848345,39.3830781,6.194680086,68
29-01-2024 20:00,91,21,153,Connected,5G,On,23.24402713,27.14221457,6.82948049,4
29-01-2024 21:00,78,26,36,Disconnected,5G,On,28.23274846,33.69744364,1.263694988,98
29-01-2024 22:00,56,80,53,Connected,5G,On,31.12903517,29.23825401,6.56292669,18
29-01-2024 23:00,34,125,102,Disconnected,5G,On,47.11717617,29.18512436,5.585579859,22
30-01-2024 00:00,75,91,148,Connected,5G,Off,35.25128093,31.07452881,5.911747118,8
30-01-2024 01:00,19,20,37,Connected,4G,Off,26.6575078,39.98189404,4.234814441,93
30-01-2024 02:00,65,46,173,Disconnected,4G,Off,41.43537663,25.8244946,1.733265079,49
30-01-2024 03:00,39,100,3,Disconnected,4G,Off,47.77397694,33.67812727,2.740053103,15
30-01-2024 04:00,14,83,56,Connected,5G,Off,5.992976691,26.23858237,9.556702419,32
30-01-2024 05:00,42,5,172,Disconnected,4G,Off,49.21345725,27.31781245,4.67829606,1
30-01-2024 06:00,74,146,19,Connected,5G,On,8.875946258,31.59344413,5.200148402,13
30-01-2024 07:00,27,130,16,Connected,5G,Off,41.64740507,32.65690197,1.474388109,0
30-01-2024 08:00,58,0,118,Disconnected,5G,Off,17.61506386,28.88188613,1.338096066,89
30-01-2024 09:00,20,57,70,Connected,4G,Off,10.9480846,29.74685696,7.454633023,57
30-01-2024 10:00,94,123,3,Connected,5G,Off,24.79350379,26.3045053,5.842851977,88
30-01-2024 11:00,35,165,13,Disconnected,5G,On,33.97804608,29.54829676,5.578353858,15
30-01-2024 12:00,72,14,2,Disconnected,4G,On,22.14283303,39.49837659,3.188120774,78
30-01-2024 13:00,98,161,79,Connected,4G,Off,7.455443373,39.17061073,7.702756585,89
30-01-2024 14:00,95,162,54,Disconnected,5G,On,31.97575128,30.02317435,2.514129212,46
30-01-2024 15:00,68,63,131,Disconnected,5G,On,45.60814742,33.56280904,2.709412693,43
30-01-2024 16:00,36,24,119,Disconnected,4G,Off,22.24469147,38.64393087,5.146409542,79
30-01-2024 17:00,58,23,23,Disconnected,4G,Off,14.73497499,25.09275734,3.576518759,13
30-01-2024 18:00,86,11,161,Connected,4G,Off,24.91598057,37.16025356,3.227166831,92
30-01-2024 19:00,42,17,157,Connected,5G,Off,7.176321997,39.22554329,6.807138801,23
30-01-2024 20:00,10,14,81,Connected,4G,Off,41.9219413,26.36988602,6.858745707,54
30-01-2024 21:00,30,26,146,Disconnected,4G,On,42.18533649,27.42171529,8.420653628,14
30-01-2024 22:00,64,71,158,Disconnected,4G,Off,31.46002085,39.41119454,4.759377103,82
30-01-2024 23:00,15,59,59,Disconnected,5G,Off,20.88963,33.06310215,1.657765819,71
31-01-2024 00:00,90,173,146,Disconnected,4G,Off,40.9902514,25.21294952,3.462997464,33
31-01-2024 01:00,78,144,48,Disconnected,4G,On,29.96091612,28.86447998,9.820049169,1
31-01-2024 02:00,14,92,62,Disconnected,4G,Off,42.16695388,31.74915511,6.366327177,26
31-01-2024 03:00,12,52,109,Disconnected,4G,Off,33.41564567,35.39363367,7.387633763,73
31-01-2024 04:00,62,7,149,Connected,4G,Off,40.29824629,35.99740567,1.066220467,98
31-01-2024 05:00,32,78,151,Connected,5G,On,31.93533469,39.93132269,5.66385159,86
31-01-2024 06:00,62,26,108,Disconnected,5G,Off,23.63634807,29.31266799,1.337757918,71
31-01-2024 07:00,46,173,75,Disconnected,5G,Off,48.1075637,33.07330153,6.123071909,91
31-01-2024 08:00,83,49,29,Disconnected,4G,Off,29.35012212,32.99985322,9.286937647,22
31-01-2024 09:00,83,130,57,Connected,5G,On,32.22902833,31.08467889,9.715772175,67
31-01-2024 10:00,92,92,116,Connected,5G,Off,14.92194377,27.53742841,5.864974079,13
31-01-2024 11:00,26,171,158,Disconnected,5G,Off,33.15428552,39.66184845,5.123843247,62
31-01-2024 12:00,94,23,99,Disconnected,4G,Off,30.72234423,37.7997578,9.505153848,92
31-01-2024 13:00,87,59,18,Connected,4G,On,13.31772791,32.47499542,7.062488488,64
31-01-2024 14:00,82,121,175,Connected,5G,Off,7.681419381,34.04868134,1.584093516,67
31-01-2024 15:00,10,130,172,Connected,5G,Off,32.19616939,28.4089158,5.191530199,62
31-01-2024 16:00,60,147,93,Connected,4G,Off,39.36615212,33.15680606,3.162205166,95
31-01-2024 17:00,54,45,112,Disconnected,4G,On,28.55306169,35.424552,5.228238893,96
31-01-2024 18:00,86,14,145,Connected,5G,On,15.20476814,32.72750543,5.099190148,89
31-01-2024 19:00,13,152,62,Connected,4G,Off,34.99348895,39.85427756,6.239303225,80
31-01-2024 20:00,71,16,115,Disconnected,5G,On,8.604757697,34.17012484,4.210934413,86
31-01-2024 21:00,74,125,112,Connected,4G,On,24.88251672,30.56460569,2.478434045,63
31-01-2024 22:00,41,83,46,Connected,5G,On,12.35150413,36.58228041,5.533474911,31
31-01-2024 23:00,43,8,56,Connected,5G,Off,13.3006573,27.55693767,8.471825959,78
01-02-2024 00:00,81,165,117,Disconnected,4G,Off,14.10322771,30.76773721,6.976110053,12
01-02-2024 01:00,48,175,44,Connected,5G,On,22.40181757,30.20438426,4.045310793,65
01-02-2024 02:00,35,62,160,Disconnected,5G,On,7.301759253,31.47710643,9.419707205,18
01-02-2024 03:00,43,116,144,Disconnected,5G,On,22.90070484,36.72669739,9.209868141,23
01-02-2024 04:00,63,129,3,Connected,4G,Off,28.02683512,32.26259548,2.884135594,87
01-02-2024 05:00,12,87,147,Connected,4G,Off,26.74824282,36.91021675,1.354758266,10
01-02-2024 06:00,59,71,46,Connected,4G,On,22.22528452,33.64733355,7.671778375,58
01-02-2024 07:00,21,138,142,Connected,5G,On,42.76159736,30.13104152,8.448492352,85
01-02-2024 08:00,74,63,46,Disconnected,4G,On,11.53970116,37.14968116,9.710781094,14
01-02-2024 09:00,63,71,77,Connected,5G,On,27.75635347,28.57434506,9.008527547,9
01-02-2024 10:00,14,20,123,Connected,5G,Off,7.791863763,28.3657447,6.404812914,40
01-02-2024 11:00,66,17,74,Connected,4G,On,8.20200555,32.56754386,5.770471053,26
01-02-2024 12:00,26,63,102,Disconnected,4G,Off,30.82396324,28.91273869,1.250569461,59
01-02-2024 13:00,56,81,136,Connected,5G,On,30.47082912,25.13630552,3.219908022,72
01-02-2024 14:00,32,109,89,Connected,5G,On,44.51150808,34.72446291,5.136532766,51
01-02-2024 15:00,88,94,143,Disconnected,4G,On,30.1043154,32.66640732,6.656535101,27
01-02-2024 16:00,94,165,68,Disconnected,4G,On,48.19059592,31.68276722,6.0152665,64
01-02-2024 17:00,23,31,60,Connected,4G,On,7.191268178,39.50452772,7.683723907,16
01-02-2024 18:00,75,10,137,Connected,5G,Off,9.410345815,33.56798776,3.517902378,94
01-02-2024 19:00,84,44,49,Connected,5G,On,6.982963771,37.95147367,6.084573469,43
01-02-2024 20:00,60,32,2,Connected,5G,On,13.33745827,27.09175354,1.793280191,9
01-02-2024 21:00,47,101,106,Connected,5G,On,29.35715499,33.53809695,4.722989712,62
01-02-2024 22:00,73,168,112,Disconnected,5G,Off,34.05074816,38.0196944,7.751447497,92
01-02-2024 23:00,47,135,93,Disconnected,4G,Off,7.051332108,33.74658636,7.240607681,81
02-02-2024 00:00,59,10,117,Connected,4G,Off,47.56869004,35.77021267,9.915784635,46
02-02-2024 01:00,91,178,80,Connected,5G,Off,42.89744195,30.58065352,3.501020134,37
02-02-2024 02:00,39,87,108,Disconnected,5G,On,18.3475617,26.38674276,5.483703693,69
02-02-2024 03:00,88,40,50,Connected,4G,On,8.47343886,31.86850443,3.965773724,75
02-02-2024 04:00,60,144,146,Connected,4G,On,12.64491829,30.91719086,4.965428027,52
02-02-2024 05:00,72,75,169,Connected,4G,Off,10.71249862,38.00590274,8.712551169,77
02-02-2024 06:00,61,120,34,Connected,4G,On,10.54777007,28.65992954,7.157881677,43
02-02-2024 07:00,47,45,45,Connected,5G,On,28.33527599,39.50101341,8.941970722,73
02-02-2024 08:00,97,159,153,Disconnected,4G,Off,16.06313491,39.3720718,2.831599975,53
02-02-2024 09:00,88,79,68,Connected,5G,Off,21.11628724,28.71447465,8.860250061,19
02-02-2024 10:00,39,53,92,Connected,4G,Off,49.52774,30.22077933,1.537860468,78
02-02-2024 11:00,60,85,63,Connected,4G,On,35.7941412,38.43333611,8.997393524,30
02-02-2024 12:00,90,91,164,Disconnected,4G,On,47.70413002,39.49933331,3.961664015,6
02-02-2024 13:00,14,147,48,Disconnected,5G,Off,11.41504498,31.65158654,3.831288701,57
02-02-2024 14:00,38,160,148,Disconnected,5G,On,22.19627637,29.81495568,5.60879719,9
02-02-2024 15:00,13,167,73,Disconnected,4G,Off,29.96293115,32.8914102,9.46621169,9
02-02-2024 16:00,19,159,4,Connected,5G,Off,8.454112785,35.3165381,1.430032282,38
02-02-2024 17:00,65,96,99,Disconnected,5G,On,5.188434963,29.10211773,4.170078776,27
02-02-2024 18:00,26,1,69,Connected,4G,Off,35.16954502,36.04709762,8.709147898,29
02-02-2024 19:00,83,32,89,Connected,4G,Off,33.88187826,25.77486036,4.564490297,36
02-02-2024 20:00,26,157,3,Disconnected,5G,Off,23.48549645,25.73941739,2.792412078,66
02-02-2024 21:00,93,160,125,Disconnected,5G,On,27.03398342,30.79431558,4.823147632,42
02-02-2024 22:00,97,76,38,Disconnected,5G,Off,23.69493503,30.30209788,4.469972513,78
02-02-2024 23:00,78,115,162,Disconnected,4G,Off,6.080227018,29.73449823,9.238745813,84
03-02-2024 00:00,43,153,128,Disconnected,4G,Off,20.09172228,32.36529644,7.857409382,51
03-02-2024 01:00,15,149,23,Connected,5G,Off,12.96870149,29.81100373,5.546040002,55
03-02-2024 02:00,62,102,56,Disconnected,4G,Off,9.42908851,27.88386878,9.8953351,75
03-02-2024 03:00,75,165,99,Disconnected,4G,Off,48.05241953,29.64204324,5.187497781,67
03-02-2024 04:00,86,102,69,Disconnected,5G,Off,31.97118763,39.62356409,1.524140477,8
03-02-2024 05:00,52,89,40,Connected,5G,On,37.78953279,31.16670125,3.360468896,91
03-02-2024 06:00,84,173,173,Disconnected,4G,On,19.19136845,31.67069165,4.924634322,22
03-02-2024 07:00,32,121,59,Connected,4G,Off,22.69162083,33.64817485,2.412123617,62
03-02-2024 08:00,64,142,107,Disconnected,5G,On,15.66157973,39.75011153,9.528086137,60
03-02-2024 09:00,89,105,56,Disconnected,4G,On,9.363455193,28.62401915,7.90164008,39
03-02-2024 10:00,84,118,30,Connected,4G,Off,13.05642368,35.21923166,3.414584804,43
03-02-2024 11:00,25,171,83,Disconnected,5G,On,40.88813204,35.7397704,6.317240802,85
03-02-2024 12:00,17,48,151,Connected,5G,Off,35.48956123,34.10986625,7.493042414,23
03-02-2024 13:00,13,103,35,Connected,4G,Off,29.61179942,26.32867509,9.47151036,50
03-02-2024 14:00,13,60,157,Connected,4G,Off,26.37904428,35.15308414,8.934718143,57
03-02-2024 15:00,65,122,151,Disconnected,4G,Off,46.50954276,25.96142067,5.636730035,89
03-02-2024 16:00,34,133,107,Disconnected,5G,Off,8.27307265,33.94213974,7.971873578,93
03-02-2024 17:00,76,8,105,Disconnected,4G,On,17.6270366,36.09371766,6.059302784,32
03-02-2024 18:00,76,5,157,Connected,4G,Off,20.74720341,28.16454836,5.97433501,15
03-02-2024 19:00,36,72,85,Disconnected,5G,On,40.20916155,37.62433011,2.032677625,21
03-02-2024 20:00,41,102,134,Connected,5G,Off,49.66315791,25.45530708,2.135238922,56
03-02-2024 21:00,59,159,162,Disconnected,4G,Off,15.83017316,37.65719295,5.765802535,61
03-02-2024 22:00,70,40,13,Connected,5G,Off,44.34383004,31.90493576,3.419753905,81
03-02-2024 23:00,60,113,119,Connected,5G,On,42.37802422,28.2638191,1.189332122,70
04-02-2024 00:00,28,7,137,Connected,4G,Off,15.10958289,27.00667217,7.505552835,89
04-02-2024 01:00,30,71,79,Disconnected,5G,Off,22.96996611,39.29960751,1.29237937,71
04-02-2024 02:00,14,177,143,Connected,5G,Off,23.43527912,26.08998381,6.35749157,69
04-02-2024 03:00,91,91,105,Connected,4G,Off,49.01993008,27.9864013,5.852744147,29
04-02-2024 04:00,51,61,69,Connected,5G,On,13.14013556,30.21733521,9.719332215,22
04-02-2024 05:00,70,83,43,Connected,4G,Off,40.9621087,34.30352273,5.357918254,31
04-02-2024 06:00,31,61,72,Connected,4G,On,20.03867214,33.17201628,1.572412927,85
04-02-2024 07:00,30,110,44,Connected,5G,Off,37.88916556,26.88465239,5.96519171,56
04-02-2024 08:00,79,126,106,Disconnected,5G,On,23.90049519,29.34591976,8.569865536,8
04-02-2024 09:00,10,6,83,Disconnected,5G,On,31.02618934,28.58127657,9.971643559,30
04-02-2024 10:00,14,83,81,Connected,4G,Off,42.4675298,28.20314282,4.873088563,70
04-02-2024 11:00,21,131,106,Disconnected,5G,Off,41.18745042,31.16716505,3.882688682,8
04-02-2024 12:00,99,133,20,Disconnected,4G,On,43.98904326,35.56047179,9.159879673,12
04-02-2024 13:00,55,57,177,Connected,5G,Off,7.682779641,28.26179398,2.721179162,57
04-02-2024 14:00,43,21,160,Connected,5G,Off,36.14227489,30.5001832,6.538860235,2
04-02-2024 15:00,58,153,6,Connected,5G,Off,11.29943195,30.8637614,4.651429818,34
04-02-2024 16:00,87,126,69,Disconnected,4G,On,23.71183556,39.64684794,1.369741285,96
04-02-2024 17:00,99,2,126,Connected,5G,Off,29.68647868,39.31999535,4.125596269,20
04-02-2024 18:00,54,126,142,Disconnected,5G,Off,23.12327681,37.00206374,3.387056703,63
04-02-2024 19:00,36,40,159,Connected,4G,Off,28.38252541,28.62488381,7.174820385,94
04-02-2024 20:00,82,105,147,Disconnected,4G,On,49.8436839,26.02055971,9.539114479,51
04-02-2024 21:00,35,13,142,Connected,5G,Off,11.08477912,29.75356207,3.412424686,33
04-02-2024 22:00,56,11,175,Connected,5G,On,35.39552204,29.00191824,8.303193452,95
04-02-2024 23:00,95,86,148,Disconnected,5G,Off,22.82004349,32.588887,1.498238352,34
05-02-2024 00:00,65,11,169,Disconnected,4G,On,10.98544095,36.66591865,5.84308909,14
05-02-2024 01:00,72,140,153,Disconnected,4G,Off,12.14315435,37.87484408,1.634950573,95
05-02-2024 02:00,57,24,119,Disconnected,4G,Off,47.71728978,37.67296128,9.40629692,5
05-02-2024 03:00,70,44,127,Disconnected,4G,On,44.58206735,30.39513342,7.897161525,84
05-02-2024 04:00,90,121,141,Disconnected,5G,On,45.81688822,35.30851515,6.921549201,96
05-02-2024 05:00,35,146,56,Connected,4G,On,49.61897491,29.69251296,8.415067435,31
05-02-2024 06:00,45,54,164,Disconnected,4G,Off,14.37419255,25.91358315,6.82767816,51
05-02-2024 07:00,10,99,57,Connected,4G,Off,20.99477018,35.52347898,9.720499575,82
05-02-2024 08:00,17,172,20,Connected,5G,Off,35.11485635,25.14741329,7.425621531,96
05-02-2024 09:00,61,135,81,Disconnected,5G,Off,26.77111429,31.13773881,9.321927486,27
05-02-2024 10:00,88,118,68,Connected,4G,On,23.827529,29.94068904,5.654187028,94
05-02-2024 11:00,56,52,130,Disconnected,4G,Off,21.10150622,35.40066308,2.053579717,84
05-02-2024 12:00,65,31,86,Disconnected,5G,Off,31.72012844,36.49368209,5.753599493,97
05-02-2024 13:00,95,50,164,Connected,5G,Off,30.90170429,29.56141954,2.141855453,63
05-02-2024 14:00,23,43,48,Connected,5G,Off,12.26560253,37.17440522,6.332441313,78
05-02-2024 15:00,99,81,146,Disconnected,5G,Off,26.22829269,29.40875141,5.342437545,77
05-02-2024 16:00,37,145,114,Disconnected,5G,Off,29.90622993,31.6948954,6.60317858,18
05-02-2024 17:00,96,149,88,Connected,5G,Off,30.66291224,35.90527791,1.090422829,14
05-02-2024 18:00,87,36,84,Connected,5G,On,14.45482368,35.39380344,2.753564425,5
05-02-2024 19:00,97,95,127,Connected,5G,Off,38.40221265,39.81052708,5.421973887,72
05-02-2024 20:00,11,55,139,Connected,4G,Off,6.133959267,28.37741536,9.554532054,83
05-02-2024 21:00,35,104,168,Disconnected,4G,Off,20.9674335,34.9347687,4.452481363,97
05-02-2024 22:00,23,58,160,Disconnected,4G,Off,40.10956918,34.14522862,4.819348234,37
05-02-2024 23:00,68,130,177,Disconnected,4G,On,30.37518145,38.72647682,7.432264801,25
06-02-2024 00:00,65,155,116,Disconnected,4G,On,16.75230946,27.34543212,6.434134816,81
06-02-2024 01:00,16,34,126,Connected,4G,On,36.27289037,36.27697245,3.690335351,91
06-02-2024 02:00,12,92,70,Connected,5G,On,30.53259249,33.52402924,4.69734756,50
06-02-2024 03:00,32,96,85,Disconnected,5G,On,40.83096243,29.11998805,2.95929819,72
06-02-2024 04:00,27,134,32,Disconnected,4G,On,38.07613338,32.11652371,9.694193132,95
06-02-2024 05:00,47,75,80,Disconnected,4G,Off,32.45485649,30.00664896,2.175709434,52
06-02-2024 06:00,24,48,151,Disconnected,5G,On,26.96799539,33.68970104,4.346531061,55
06-02-2024 07:00,73,93,60,Disconnected,5G,On,10.99319566,38.33500916,1.23255075,58
06-02-2024 08:00,98,158,60,Disconnected,5G,Off,16.7599858,33.53957477,2.996015427,69
06-02-2024 09:00,37,23,97,Disconnected,4G,On,23.85947628,34.47583627,8.024240245,77
06-02-2024 10:00,83,147,27,Disconnected,5G,Off,31.96846792,32.78121771,2.810577091,91
06-02-2024 11:00,48,36,42,Disconnected,4G,Off,28.11685348,25.7674826,1.720570623,57
06-02-2024 12:00,66,3,168,Connected,4G,On,17.96830367,28.49287835,5.270078619,87
06-02-2024 13:00,26,107,166,Disconnected,5G,Off,5.290896101,32.38002594,1.089723113,12
06-02-2024 14:00,95,125,85,Connected,5G,On,27.33076499,29.65352926,1.76289539,42
06-02-2024 15:00,99,19,176,Connected,4G,On,17.85316949,27.72645397,8.268632826,75
06-02-2024 16:00,53,151,16,Disconnected,5G,Off,38.05737353,32.56199263,7.943260104,50
06-02-2024 17:00,34,49,97,Disconnected,5G,Off,6.077581937,29.8421469,9.236249384,18
06-02-2024 18:00,26,176,97,Connected,4G,On,31.31725151,28.87161465,8.690638923,20
06-02-2024 19:00,22,178,64,Connected,5G,Off,47.36634069,31.95978126,7.148580069,90
06-02-2024 20:00,93,95,73,Disconnected,4G,Off,12.84841702,26.99926387,1.470995716,82
06-02-2024 21:00,34,104,84,Connected,4G,On,26.22422708,38.916186,8.045637562,23
06-02-2024 22:00,77,163,4,Disconnected,5G,On,9.113989632,38.01553147,8.609597298,25
06-02-2024 23:00,19,116,1,Disconnected,4G,Off,33.15568605,35.61430879,8.191739312,44
07-02-2024 00:00,76,97,21,Disconnected,4G,On,29.77392563,26.59320741,5.576311318,27
07-02-2024 01:00,27,65,111,Connected,5G,On,23.33144859,36.63815882,3.096116548,81
07-02-2024 02:00,95,78,56,Connected,5G,On,28.46196597,37.11935992,8.607969781,99
07-02-2024 03:00,43,161,65,Disconnected,5G,On,45.34585963,36.51646927,7.544465288,28
07-02-2024 04:00,17,163,73,Connected,4G,On,13.8332436,26.70948831,9.826850569,16
07-02-2024 05:00,49,5,97,Connected,4G,On,6.015403027,34.65861936,2.40123338,67
07-02-2024 06:00,92,38,143,Connected,5G,On,43.77491981,37.51487194,3.030981247,43
07-02-2024 07:00,51,169,111,Connected,4G,Off,30.97026871,33.66030102,2.906183349,60
07-02-2024 08:00,50,114,178,Connected,5G,On,45.0796305,34.69611063,8.132857909,92
07-02-2024 09:00,15,124,124,Connected,5G,Off,31.86253505,31.87545219,2.682165668,67
07-02-2024 10:00,61,11,166,Connected,4G,Off,41.45724905,32.9306098,1.599938468,73
07-02-2024 11:00,35,130,85,Disconnected,5G,Off,24.33530135,25.51565288,9.987047259,24
07-02-2024 12:00,73,17,75,Connected,4G,On,38.74369691,34.58444533,1.223354903,94
07-02-2024 13:00,68,39,87,Connected,4G,On,46.08686601,26.22170819,8.517196541,66
07-02-2024 14:00,65,20,167,Connected,5G,Off,30.74553337,31.52521892,4.288301574,1
07-02-2024 15:00,68,142,37,Connected,4G,On,13.13533178,29.38982647,8.574539138,88
07-02-2024 16:00,79,98,58,Connected,5G,Off,17.09589268,33.18141925,5.991584421,48
07-02-2024 17:00,42,25,137,Connected,4G,On,13.93900596,27.00124503,9.114681065,69
07-02-2024 18:00,62,7,98,Connected,4G,On,16.10856624,35.37465103,9.335736878,25
07-02-2024 19:00,31,99,62,Connected,4G,Off,18.78869522,36.92517305,1.081883632,71
07-02-2024 20:00,30,86,48,Disconnected,5G,Off,29.9810204,27.45031675,1.678709584,98
07-02-2024 21:00,79,41,31,Connected,4G,Off,31.45962333,26.56469631,3.253228566,26
07-02-2024 22:00,79,171,134,Connected,5G,On,24.19248863,27.18273224,7.023838747,88
07-02-2024 23:00,13,13,20,Connected,4G,Off,32.69393509,38.15691343,8.994449769,17
08-02-2024 00:00,84,77,19,Connected,4G,On,8.670871653,32.92283893,5.139477562,53
08-02-2024 01:00,71,1,153,Disconnected,5G,On,8.950470668,32.00891494,6.462758046,0
08-02-2024 02:00,71,118,126,Disconnected,5G,On,12.73232572,26.60067729,2.696498675,60
08-02-2024 03:00,33,36,67,Disconnected,5G,Off,28.31348741,34.7433401,8.244701505,2
08-02-2024 04:00,64,68,109,Disconnected,5G,Off,14.62976054,38.01999388,9.705953002,67
08-02-2024 05:00,18,165,115,Disconnected,5G,Off,17.74779816,37.42278804,3.417390396,40
08-02-2024 06:00,12,40,142,Disconnected,4G,On,23.01407763,34.39082063,5.453433564,36
08-02-2024 07:00,40,61,119,Disconnected,4G,On,41.53397558,26.12918075,1.775044995,50
08-02-2024 08:00,49,59,78,Disconnected,5G,Off,5.623796116,26.68595541,6.032229908,14
08-02-2024 09:00,45,124,115,Disconnected,4G,On,34.22204691,25.73963481,5.525050977,7
08-02-2024 10:00,33,110,91,Disconnected,4G,On,35.0994439,28.86218825,2.299928357,37
08-02-2024 11:00,15,13,13,Disconnected,4G,Off,40.93951012,27.03492201,4.978595918,82
08-02-2024 12:00,75,83,154,Disconnected,5G,Off,46.97388226,28.9007206,4.006941869,55
08-02-2024 13:00,93,129,124,Disconnected,4G,Off,5.906203203,30.77587084,5.696477878,46
08-02-2024 14:00,84,69,167,Disconnected,4G,On,11.92026675,39.14474176,6.270889019,89
08-02-2024 15:00,13,144,57,Disconnected,4G,On,44.87770823,34.1556409,1.076460207,9
08-02-2024 16:00,88,122,27,Disconnected,5G,On,25.6333353,37.52460679,7.849053847,77
08-02-2024 17:00,15,88,25,Connected,4G,On,30.40657875,35.65527251,7.417128627,48
08-02-2024 18:00,60,27,112,Disconnected,4G,On,34.83622417,26.68754696,4.296577476,40
08-02-2024 19:00,71,65,65,Connected,5G,Off,35.5579972,36.0388061,1.47642342,82
08-02-2024 20:00,66,162,152,Disconnected,5G,On,46.92831815,29.12648322,7.794392858,29
08-02-2024 21:00,75,4,130,Disconnected,4G,On,49.86272378,34.5866177,9.596576444,4
08-02-2024 22:00,88,167,43,Connected,4G,On,37.40708574,30.1144296,3.161364364,94
08-02-2024 23:00,84,163,96,Disconnected,5G,Off,17.92495441,39.96508395,3.911721524,70
09-02-2024 00:00,17,44,41,Connected,5G,Off,44.5888581,28.95327219,2.654316005,82
09-02-2024 01:00,35,150,5,Connected,5G,Off,7.214941154,29.18695706,6.19242511,30
09-02-2024 02:00,60,46,166,Connected,5G,On,15.39863838,38.96008383,2.393572552,51
09-02-2024 03:00,54,30,179,Disconnected,5G,Off,45.38235729,25.36966607,4.205745491,87
09-02-2024 04:00,53,138,22,Disconnected,5G,Off,16.52861815,35.45033482,7.273117125,97
09-02-2024 05:00,14,9,88,Disconnected,5G,Off,14.92929768,35.87989586,6.041043847,22
09-02-2024 06:00,79,117,122,Connected,4G,On,11.21563819,37.54567866,4.478163079,47
09-02-2024 07:00,35,13,177,Connected,5G,Off,43.66002909,39.61658966,4.782246416,39
09-02-2024 08:00,77,79,170,Disconnected,5G,On,27.50262166,39.63402879,6.058997944,5
09-02-2024 09:00,28,92,146,Disconnected,4G,On,35.37019414,25.97915136,1.052782551,37
09-02-2024 10:00,93,9,50,Disconnected,5G,Off,15.75798728,37.32758984,1.706588816,40
09-02-2024 11:00,29,75,10,Disconnected,5G,On,39.11181895,34.694649,8.93132261,99
09-02-2024 12:00,21,93,11,Disconnected,4G,Off,39.20024952,34.71013202,1.700910902,26
09-02-2024 13:00,56,104,73,Connected,5G,On,19.06691112,26.9252489,7.361232366,74
09-02-2024 14:00,10,0,7,Connected,4G,Off,23.48071849,34.7528075,9.280343477,68
09-02-2024 15:00,99,132,151,Connected,4G,Off,14.43606248,39.73723871,3.436152439,56
09-02-2024 16:00,23,19,40,Disconnected,4G,Off,48.94524605,38.67727854,4.334422934,16
09-02-2024 17:00,73,7,163,Connected,4G,On,34.05211597,31.58695991,6.120292653,70
09-02-2024 18:00,47,170,84,Connected,5G,Off,47.05447463,25.5992196,8.935380727,90
09-02-2024 19:00,46,0,71,Connected,4G,On,18.65234946,30.43440235,9.477150285,46
09-02-2024 20:00,20,56,54,Connected,4G,Off,40.18509108,37.39585467,7.656069233,78
09-02-2024 21:00,86,63,136,Connected,5G,On,39.46363897,35.52248652,1.779577848,12
09-02-2024 22:00,12,117,46,Disconnected,4G,On,36.12450433,31.89015483,7.0223874,10
09-02-2024 23:00,42,27,142,Connected,4G,Off,48.45375389,25.82652303,4.692733497,89
10-02-2024 00:00,15,120,175,Disconnected,4G,Off,22.70999012,31.40342092,5.236308995,85
10-02-2024 01:00,59,106,103,Disconnected,4G,Off,10.88227956,32.0353741,1.442335513,91
10-02-2024 02:00,19,164,41,Disconnected,5G,Off,35.22689867,38.92833299,2.719559254,23
10-02-2024 03:00,14,174,59,Disconnected,4G,Off,37.81894102,34.61629155,8.114622468,92
10-02-2024 04:00,32,164,11,Disconnected,5G,On,30.87772581,29.67479375,5.085629497,72
10-02-2024 05:00,19,48,129,Connected,5G,Off,14.30680519,32.87977397,3.714960175,3
10-02-2024 06:00,53,119,6,Connected,4G,Off,27.70051738,25.99082962,4.456171666,45
10-02-2024 07:00,11,43,79,Disconnected,4G,On,19.04853815,39.58852353,8.68959562,17
10-02-2024 08:00,22,55,130,Disconnected,4G,Off,24.23599377,30.40089853,7.740991157,42
10-02-2024 09:00,49,155,108,Disconnected,4G,Off,34.03483591,32.16801032,3.450838575,79
10-02-2024 10:00,11,110,2,Connected,5G,On,38.53466342,30.32925961,2.057516562,32
10-02-2024 11:00,93,133,26,Disconnected,5G,Off,15.45011109,35.23767595,3.267983995,92
10-02-2024 12:00,74,107,113,Connected,5G,Off,23.23964123,34.93348237,9.286808059,9
10-02-2024 13:00,72,147,106,Disconnected,4G,Off,17.11227069,35.72983466,6.234299541,72
10-02-2024 14:00,82,113,39,Connected,5G,On,13.93842262,29.02214844,5.801321879,58
10-02-2024 15:00,26,77,160,Disconnected,4G,Off,40.2524249,29.73502722,6.367542397,30
10-02-2024 16:00,18,129,128,Connected,4G,On,45.91637125,26.87876847,4.294254392,27
10-02-2024 17:00,84,36,7,Disconnected,4G,Off,21.66044836,34.83264958,8.263963183,59
10-02-2024 18:00,24,19,100,Connected,4G,On,38.8075516,25.59695691,5.709576244,2
10-02-2024 19:00,33,25,159,Connected,4G,Off,45.36478802,33.96523503,2.050731125,54
10-02-2024 20:00,47,28,123,Connected,5G,On,43.07558947,38.04543827,2.161586123,13
10-02-2024 21:00,44,0,175,Connected,5G,On,13.22660248,38.36248222,5.831732319,57
10-02-2024 22:00,58,118,106,Connected,4G,On,48.03313467,31.73556641,9.429131963,88
10-02-2024 23:00,78,34,100,Connected,5G,On,21.95043982,31.88955532,3.775169095,14
11-02-2024 00:00,71,58,3,Connected,4G,On,20.26582975,26.15453775,8.82587052,1
11-02-2024 01:00,69,68,109,Disconnected,4G,On,7.809409728,35.06147538,7.876860279,23
11-02-2024 02:00,59,160,18,Disconnected,4G,Off,26.87781443,37.31889131,3.230311986,77
11-02-2024 03:00,87,178,31,Disconnected,5G,Off,9.905612704,28.66982582,1.327066735,63
11-02-2024 04:00,84,11,136,Disconnected,4G,On,16.18429194,31.31951322,1.916625386,70
11-02-2024 05:00,18,19,11,Disconnected,4G,On,19.26241798,37.58259005,7.556445405,99
11-02-2024 06:00,43,42,138,Connected,5G,On,41.39718456,38.15680701,2.797027642,23
11-02-2024 07:00,85,125,45,Connected,5G,On,44.39698927,28.6476997,4.341438285,26
11-02-2024 08:00,44,49,118,Connected,5G,Off,18.61098429,33.25855952,5.515292494,36
11-02-2024 09:00,10,28,15,Connected,4G,On,43.64141546,27.88739726,7.529213516,93
11-02-2024 10:00,49,38,128,Connected,4G,Off,43.57539218,26.52818146,2.019081009,90
11-02-2024 11:00,73,170,62,Disconnected,5G,Off,39.40929277,38.66680752,4.657297647,38
11-02-2024 12:00,31,177,108,Disconnected,4G,On,11.60128013,37.30761256,5.365656182,62
11-02-2024 13:00,69,150,118,Disconnected,5G,On,36.06452811,36.40052353,5.867443576,78
11-02-2024 14:00,73,171,20,Disconnected,5G,Off,47.52608291,25.73149478,8.365245773,25
11-02-2024 15:00,81,37,157,Connected,4G,Off,35.71432154,37.65593189,2.545103755,64
